raw_id,lead_id,sales_exec,assigned_to_user_id_or_blank
15469,5614,,
15470,5614,,
6,5071,,
15471,5614,,
10,5071,,
15472,5614,,
15473,5614,,
14,5071,,
7652,5614,,
3794,5071,,
17,5075,,
15474,5614,,
22,5075,,
20,5076,,
35,5075,,
23,5077,,
15475,5614,,
15476,5614,,
7655,5614,,
37,5075,,
47,5075,,
15477,5614,,
7656,5614,,
8740,5071,,
8743,5075,,
11615,5071,,
15478,5614,,
49,5075,,
50,5075,,
15479,5614,,
8746,5076,,
52,5075,,
54,5075,,
7658,5614,,
56,5075,,
8749,5077,,
11618,5075,,
15421,5614,,
15480,5614,,
7659,5614,,
8745,5075,,
74,5075,,
11620,5075,,
76,5075,,
277,5076,,
80,5075,,
82,5075,,
87,5075,,
88,5087,,
89,5088,,
3800,5076,,
84,5075,,
92,5075,,
11621,5076,,
96,5091,,
97,5092,,
8761,5075,,
98,5075,,
8748,5075,,
11623,5075,,
8762,5080,,
8763,5075,,
103,5075,,
11624,5077,,
15485,5614,,
110,5091,,
7664,5614,,
1914,5075,,
8773,5075,,
48,5075,,
8775,5075,,
8776,5075,,
151,5104,,
8779,5075,,
149,5099,,
53,5075,,
8780,5075,,
4974,5075,,
156,5075,,
158,5102,,
159,5075,,
1460,5075,,
157,5101,,
15490,5614,,
8782,5075,,
15491,5614,,
7670,5614,,
57,5075,,
172,5104,,
15492,5614,,
169,5103,,
171,5100,,
176,5075,,
7671,5614,,
173,5075,,
175,5105,,
179,5075,,
15493,5614,,
177,5075,,
180,5106,,
184,5110,,
11636,5075,,
181,5107,,
3815,5075,,
185,5075,,
186,5111,,
15494,5614,,
36,5080,,
11637,5080,,
199,5075,,
200,5075,,
15495,5614,,
201,5075,,
15422,5614,,
11638,5075,,
202,5075,,
203,5114,,
204,5075,,
208,5075,,
206,5075,,
207,5116,,
15496,5614,,
15497,5614,,
15498,5614,,
15499,5614,,
73,5075,,
224,5075,,
225,5075,,
8801,5086,,
222,5075,,
223,5075,,
8800,5075,,
77,5075,,
227,5075,,
230,5122,,
232,5075,,
234,5075,,
235,5124,,
8808,5075,,
246,5075,,
248,5124,,
8813,5075,,
8814,5087,,
256,5129,,
257,5075,,
254,5075,,
255,5133,,
260,5130,,
261,5131,,
8818,5075,,
258,5075,,
259,5132,,
262,5129,,
264,5130,,
8822,5091,,
15423,5614,,
11648,5075,,
3827,5075,,
271,5071,,
8823,5092,,
274,5075,,
1506,5478,,
19,5075,,
276,5075,,
279,5075,,
280,5077,,
8774,5075,,
11649,5075,,
8829,5075,,
294,5075,,
305,5075,,
292,5075,,
293,5080,,
11650,5075,,
306,5075,,
11651,5075,,
15512,5614,,
304,5075,,
309,5075,,
310,5075,,
311,5075,,
307,5075,,
313,5075,,
314,5075,,
5437,5075,,
15513,5614,,
8836,5091,,
7692,5614,,
330,5075,,
8778,5075,,
15514,5614,,
332,5086,,
334,5075,,
15515,5614,,
11653,5075,,
337,5075,,
15516,5614,,
15517,5614,,
15518,5614,,
11654,5075,,
341,5075,,
15519,5614,,
345,5087,,
15520,5614,,
11655,5075,,
354,5092,,
355,5075,,
353,5091,,
15521,5614,,
360,5075,,
15522,5614,,
15523,5614,,
367,5091,,
11657,5075,,
7372,5614,,
8783,5075,,
11658,5075,,
15524,5614,,
1586,5075,,
15525,5614,,
15526,5614,,
15527,5614,,
406,5099,,
407,5075,,
408,5104,,
15528,5614,,
413,5075,,
414,5101,,
15529,5614,,
416,5075,,
15530,5614,,
15531,5614,,
426,5103,,
428,5100,,
429,5104,,
430,5075,,
432,5105,,
433,5075,,
435,5075,,
438,5107,,
15425,5614,,
437,5106,,
439,5108,,
15535,5614,,
441,5110,,
7412,5614,,
8875,5099,,
15537,5620,,
8877,5104,,
455,5107,,
153,5100,,
456,5075,,
457,5075,,
460,5114,,
461,5075,,
8879,5100,,
458,5075,,
15539,5614,,
463,5075,,
464,5116,,
466,5117,,
8882,5075,,
8799,5075,,
11674,5075,,
468,5119,,
15540,5614,,
8884,5102,,
331,5075,,
8883,5101,,
11675,5075,,
15541,5276,,
8885,5075,,
15542,5614,,
8888,5103,,
479,5075,,
481,5075,,
75,5086,,
482,5075,,
11676,5086,,
15543,5614,,
8802,5075,,
162,5103,,
229,5075,,
333,5075,,
11677,5075,,
15544,5614,,
489,5075,,
15545,5614,,
491,5075,,
3856,5075,,
8803,5075,,
11678,5075,,
503,5075,,
504,5122,,
505,5124,,
8894,5102,,
8896,5075,,
511,5075,,
8895,5103,,
514,5075,,
170,5075,,
512,5133,,
515,5075,,
516,5132,,
518,5131,,
519,5129,,
8898,5104,,
8806,5075,,
11681,5075,,
8899,5075,,
521,5130,,
265,5133,,
7773,5614,,
174,5099,,
431,5099,,
8900,5099,,
339,5075,,
8902,5075,,
536,5075,,
539,5075,,
11683,5075,,
541,5135,,
434,5075,,
542,5075,,
8905,5075,,
8810,5075,,
8904,5075,,
11685,5075,,
550,5075,,
15426,5614,,
436,5075,,
8906,5106,,
8908,5108,,
555,5075,,
8907,5107,,
558,5148,,
182,5108,,
559,5140,,
556,5138,,
344,5075,,
560,5141,,
562,5143,,
11688,5075,,
8910,5110,,
8912,5111,,
15427,5614,,
11689,5087,,
8911,5075,,
8815,5088,,
15556,5614,,
15557,5614,,
3966,5111,,
15558,5614,,
346,5088,,
11690,5088,,
574,5148,,
15559,5614,,
580,5150,,
582,5075,,
583,5151,,
15560,5614,,
584,5152,,
349,5075,,
588,5154,,
11693,5075,,
589,5155,,
15561,5614,,
593,5151,,
594,5153,,
15562,5614,,
596,5155,,
15563,5614,,
603,5075,,
604,5157,,
15428,5614,,
198,5107,,
608,5159,,
8924,5107,,
8925,5075,,
8927,5075,,
15429,5614,,
11697,5091,,
8926,5075,,
15564,5614,,
15565,5614,,
11698,5092,,
459,5075,,
615,5075,,
636,5075,,
637,5075,,
638,5075,,
5311,5529,,
617,5075,,
619,5160,,
620,5075,,
621,5161,,
622,5162,,
625,5075,,
623,5075,,
15566,5614,,
8931,5115,,
8824,5075,,
8930,5075,,
205,5115,,
631,5075,,
8933,5116,,
15567,5614,,
639,5075,,
641,5075,,
11699,5075,,
640,5164,,
3878,5075,,
644,5075,,
15568,5614,,
465,5075,,
645,5167,,
646,5075,,
15569,5614,,
648,5075,,
649,5169,,
15570,5614,,
211,5119,,
665,5075,,
667,5075,,
663,5174,,
660,5075,,
661,5075,,
662,5075,,
668,5175,,
15571,5614,,
15572,5614,,
678,5075,,
11704,5075,,
15573,5614,,
684,5075,,
713,5075,,
1845,5539,,
686,5075,,
693,5180,,
691,5075,,
15574,5614,,
694,5075,,
698,5075,,
702,5181,,
705,5182,,
8948,5075,,
706,5075,,
8950,5075,,
714,5186,,
715,5075,,
724,5194,,
8951,5075,,
8954,5075,,
722,5285,,
723,5187,,
727,5075,,
15580,5614,,
15581,5614,,
487,5122,,
11711,5091,,
15582,5614,,
15583,5614,,
488,5075,,
741,5192,,
745,5075,,
746,5195,,
15430,5614,,
8958,5075,,
743,5194,,
15584,5614,,
15585,5614,,
750,5199,,
8961,5124,,
751,5075,,
8960,5075,,
15431,5614,,
762,5075,,
7935,5614,,
7934,5614,,
7936,5614,,
7937,5614,,
764,5075,,
15586,5614,,
767,5075,,
766,5203,,
768,5204,,
769,5205,,
770,5075,,
15587,5614,,
778,5075,,
15588,5614,,
8002,5614,,
15589,5614,,
8973,5122,,
786,5075,,
795,5075,,
15590,5614,,
247,5122,,
788,5075,,
789,5075,,
794,5075,,
793,5210,,
7610,5614,,
15591,5614,,
252,5127,,
509,5127,,
805,5211,,
802,5075,,
803,5075,,
7770,5614,,
8980,5075,,
806,5075,,
809,5075,,
810,5075,,
811,5212,,
813,5214,,
814,5215,,
812,5213,,
15592,5614,,
815,5075,,
817,5216,,
8984,5075,,
15593,5614,,
8982,5129,,
8983,5075,,
833,5075,,
834,5075,,
823,5219,,
822,5218,,
824,5075,,
832,5220,,
8985,5132,,
15594,5614,,
835,5221,,
15595,5614,,
8988,5129,,
842,5222,,
8987,5131,,
853,5075,,
865,5231,,
844,5226,,
852,5227,,
854,5075,,
5551,5075,,
15596,5614,,
520,5132,,
15597,5614,,
850,5075,,
15598,5614,,
855,5228,,
860,5075,,
861,5229,,
864,5230,,
8991,5133,,
15599,5614,,
8011,5614,,
15600,5614,,
872,5075,,
8198,5614,,
878,5235,,
897,5075,,
876,5075,,
877,5234,,
15601,5614,,
881,5075,,
885,5238,,
15602,5614,,
15603,5614,,
887,5240,,
889,5075,,
890,5075,,
895,5246,,
892,5243,,
898,5075,,
15605,5614,,
15606,5614,,
912,5252,,
913,5253,,
9005,5075,,
916,5255,,
15607,5614,,
917,5256,,
535,5075,,
915,5254,,
15608,5614,,
537,5075,,
9008,5075,,
925,5262,,
7787,5614,,
9007,5134,,
927,5075,,
926,5075,,
928,5075,,
936,5075,,
934,5075,,
935,5267,,
15609,5614,,
540,5075,,
9010,5135,,
15610,5614,,
9012,5075,,
944,5270,,
945,5075,,
946,5075,,
15432,5614,,
543,5075,,
15611,5614,,
548,5491,,
15612,5614,,
955,5075,,
9019,5075,,
959,5075,,
962,5075,,
961,5075,,
15613,5614,,
964,5276,,
551,5075,,
965,5075,,
967,5277,,
970,5075,,
15614,5614,,
9025,5138,,
977,5075,,
978,5283,,
15615,5614,,
9024,5075,,
9027,5148,,
979,5075,,
982,5285,,
981,5284,,
15616,5614,,
9028,5140,,
9030,5142,,
8371,5614,,
9029,5141,,
1971,5075,,
561,5142,,
993,5289,,
994,5075,,
15617,5614,,
9031,5143,,
9032,5144,,
1005,5075,,
15618,5614,,
1006,5290,,
8396,5246,,
1008,5292,,
15619,5614,,
15620,5614,,
1010,5292,,
1012,5295,,
1013,5296,,
1015,5256,,
15621,5614,,
15622,5614,,
15623,5614,,
1026,5075,,
9042,5140,,
1028,5300,,
1030,5301,,
1031,5302,,
11750,5099,,
1029,5075,,
1034,5304,,
15624,5614,,
573,5140,,
9043,5148,,
150,5075,,
8876,5075,,
11751,5075,,
15625,5614,,
1035,5075,,
1042,5075,,
15626,5614,,
15627,5614,,
11752,5104,,
1044,5075,,
1045,5310,,
9049,5150,,
1048,5312,,
1050,5314,,
1636,5075,,
1052,5315,,
1054,5317,,
15628,5614,,
1055,5318,,
1059,5075,,
1063,5075,,
8435,5614,,
1095,5256,,
11754,5100,,
9050,5075,,
9052,5151,,
15433,5614,,
9051,5075,,
585,5075,,
15629,5614,,
15630,5614,,
9053,5152,,
1081,5325,,
1080,5075,,
1105,5075,,
1083,5327,,
11757,5075,,
9057,5154,,
1085,5329,,
1086,5075,,
11758,5101,,
9062,5151,,
1106,5075,,
1107,5338,,
415,5102,,
11759,5102,,
1108,5075,,
1110,5339,,
1111,5340,,
15434,5614,,
11760,5075,,
1112,5075,,
9063,5153,,
9066,5156,,
1114,5342,,
9065,5155,,
1115,5075,,
1632,5075,,
1802,5075,,
1803,5075,,
1130,5348,,
15634,5614,,
1129,5348,,
9071,5075,,
1131,5349,,
1133,5351,,
419,5103,,
1134,5352,,
9073,5157,,
1135,5075,,
1137,5075,,
11763,5103,,
9072,5075,,
606,5075,,
1139,5354,,
1140,5328,,
9077,5159,,
1143,5356,,
1146,5075,,
1147,5358,,
614,5075,,
9085,5075,,
1166,5359,,
9084,5075,,
1169,5075,,
1170,5075,,
5554,5075,,
1173,5364,,
1195,5075,,
1171,5362,,
1172,5363,,
1178,5075,,
1177,5368,,
15435,5614,,
9088,5160,,
9090,5161,,
168,5102,,
9089,5075,,
1187,5374,,
1184,5372,,
425,5102,,
1185,5373,,
1186,5075,,
11769,5102,,
9091,5162,,
1200,5379,,
11770,5103,,
1198,5378,,
1199,5196,,
1197,5377,,
9094,5075,,
1201,5380,,
1202,5075,,
1205,5382,,
427,5075,,
11771,5075,,
1215,5385,,
8897,5100,,
11772,5100,,
1216,5075,,
1221,5388,,
3951,5100,,
9100,5075,,
1226,5075,,
8503,5614,,
1227,5075,,
1228,5075,,
1231,5342,,
11773,5104,,
15436,5614,,
11774,5075,,
1248,5392,,
1238,5389,,
1247,5391,,
11775,5099,,
8901,5105,,
9105,5075,,
11776,5105,,
1249,5075,,
1251,5075,,
1252,5075,,
9106,5075,,
9107,5075,,
1258,5393,,
1957,5075,,
1260,5394,,
1259,5075,,
11777,5075,,
1267,5396,,
1268,5397,,
8903,5075,,
1270,5075,,
11778,5075,,
9109,5164,,
9111,5165,,
178,5075,,
9110,5075,,
11779,5075,,
643,5166,,
1281,5075,,
11780,5075,,
9114,5167,,
1285,5075,,
3959,5075,,
1286,5400,,
7615,5614,,
11781,5106,,
9115,5075,,
9118,5169,,
15656,5614,,
9117,5075,,
11782,5107,,
1299,5402,,
15657,5614,,
11783,5108,,
9119,5170,,
1300,5075,,
1303,5404,,
15658,5614,,
1304,5075,,
1306,5406,,
1307,5407,,
1308,5075,,
11785,5110,,
15659,5614,,
1311,5409,,
442,5075,,
1312,5075,,
15660,5614,,
1314,5075,,
1316,5076,,
11786,5075,,
1315,5411,,
2109,5075,,
1318,5075,,
1320,5413,,
1319,5075,,
1327,5419,,
2110,5075,,
1325,5075,,
11787,5111,,
1324,5417,,
1321,5414,,
15662,5614,,
1329,5421,,
1331,5075,,
1333,5424,,
1335,5425,,
1336,5426,,
9129,5075,,
1337,5075,,
9130,5075,,
15663,5614,,
9132,5174,,
1342,5075,,
1344,5075,,
15664,5614,,
9134,5075,,
1346,5428,,
1353,5431,,
1354,5432,,
7843,5614,,
1355,5433,,
1357,5075,,
9136,5075,,
9138,5075,,
15665,5614,,
1362,5075,,
9137,5175,,
15666,5614,,
1363,5075,,
669,5075,,
15667,5614,,
15668,5614,,
1370,5437,,
1372,5075,,
1373,5439,,
1374,5440,,
1375,5075,,
7847,5614,,
1385,5443,,
1393,5075,,
1384,5442,,
1383,5075,,
15669,5614,,
1390,5075,,
15670,5614,,
1395,5075,,
9147,5075,,
1401,5447,,
15437,5614,,
15671,5614,,
1404,5448,,
1405,5075,,
15672,5614,,
1406,5075,,
1407,5075,,
1408,5075,,
15673,5614,,
15674,5614,,
15675,5614,,
11799,5107,,
9154,5177,,
1420,5075,,
3978,5107,,
1418,5449,,
9153,5075,,
15676,5614,,
1423,5075,,
685,5177,,
9155,5075,,
7855,5614,,
11800,5075,,
1425,5453,,
1426,5454,,
1433,5455,,
11801,5075,,
1434,5456,,
1436,5075,,
1435,5457,,
9160,5075,,
9163,5075,,
11802,5075,,
1438,5075,,
1441,5460,,
15677,5614,,
9162,5180,,
1439,5075,,
8928,5075,,
15678,5614,,
15679,5614,,
11803,5075,,
1453,5075,,
15680,5614,,
1451,5075,,
8929,5114,,
1455,5462,,
1457,5463,,
11804,5114,,
9167,5075,,
1459,5075,,
1462,5075,,
15438,5614,,
11805,5075,,
1461,5075,,
15681,5614,,
9171,5181,,
1463,5465,,
462,5115,,
11806,5115,,
15682,5614,,
703,5075,,
15683,5614,,
8932,5075,,
9174,5182,,
1474,5467,,
11807,5075,,
9176,5183,,
1478,5469,,
9175,5075,,
1488,5075,,
1490,5473,,
707,5183,,
1480,5075,,
1481,5470,,
1479,5075,,
11808,5116,,
15684,5614,,
1482,5471,,
8934,5075,,
11809,5075,,
15685,5614,,
209,5117,,
15686,5614,,
8935,5117,,
11810,5117,,
9182,5075,,
1500,5476,,
1527,5075,,
15687,5614,,
1526,5075,,
15688,5614,,
1514,5075,,
9184,5075,,
15689,5614,,
1520,5479,,
8937,5119,,
15690,5614,,
1522,5481,,
11812,5119,,
1523,5482,,
1521,5480,,
9191,5285,,
1533,5479,,
15691,5614,,
15692,5614,,
9192,5187,,
1535,5482,,
1537,5075,,
1539,5484,,
1540,5075,,
1538,5476,,
15693,5614,,
9196,5075,,
1541,5485,,
1542,5486,,
15694,5614,,
9197,5193,,
1565,5075,,
1567,5491,,
1553,5476,,
15695,5614,,
1559,5487,,
8570,5614,,
1560,5488,,
15697,5614,,
1562,5075,,
1568,5492,,
1570,5075,,
15698,5614,,
1574,5494,,
15699,5614,,
1576,5495,,
1583,5497,,
15700,5614,,
1585,5075,,
1587,5075,,
9210,5192,,
15701,5614,,
9212,5194,,
1588,5075,,
9211,5193,,
15702,5614,,
744,5075,,
1597,5075,,
1598,5075,,
9213,5075,,
9214,5075,,
9216,5196,,
1600,5075,,
1602,5075,,
1603,5075,,
1601,5499,,
9215,5195,,
15703,5614,,
1604,5075,,
9219,5199,,
15439,5614,,
11823,5075,,
4002,5075,,
1626,5075,,
1627,5503,,
1617,5501,,
1628,5075,,
1616,5500,,
1618,5502,,
480,5075,,
8949,5075,,
11824,5075,,
1629,5075,,
1631,5075,,
1639,5507,,
1640,5508,,
11825,5075,,
1641,5478,,
1644,5075,,
15440,5614,,
11826,5075,,
1642,5075,,
1646,5075,,
8953,5075,,
1656,5075,,
1655,5075,,
15709,5614,,
1657,5509,,
1659,5075,,
4007,5075,,
11828,5075,,
1661,5075,,
1663,5075,,
9231,5075,,
15710,5614,,
9233,5075,,
228,5075,,
485,5075,,
15711,5256,,
11829,5075,,
15712,5614,,
9236,5075,,
486,5075,,
9235,5203,,
15713,5614,,
9238,5205,,
8955,5075,,
11830,5075,,
15714,5614,,
9240,5206,,
1683,5075,,
4009,5075,,
1684,5075,,
8956,5122,,
1687,5511,,
15441,5614,,
11831,5122,,
4294,5206,,
1689,5075,,
1691,5512,,
7893,5614,,
231,5075,,
1696,5075,,
8957,5075,,
1695,5075,,
11832,5075,,
15715,5614,,
1698,5075,,
15716,5614,,
777,5075,,
11833,5075,,
1704,5075,,
7895,5614,,
9247,5075,,
1703,5514,,
2181,5075,,
15717,5614,,
2182,5075,,
1712,5075,,
1709,5075,,
1710,5075,,
1711,5516,,
1714,5075,,
15719,5614,,
1719,5517,,
2264,5075,,
11835,5075,,
1721,5518,,
7620,5614,,
492,5124,,
9256,5075,,
1734,5075,,
11836,5124,,
1736,5519,,
1737,5075,,
787,5075,,
9257,5075,,
9258,5075,,
9263,5075,,
9262,5210,,
1749,5075,,
15723,5614,,
1754,5521,,
1752,5075,,
15724,5274,,
15725,5614,,
1757,5522,,
15726,5614,,
1763,5075,,
15442,5614,,
9272,5075,,
9271,5075,,
1778,5527,,
9274,5211,,
1779,5075,,
1780,5075,,
1782,5075,,
1783,5075,,
1781,5075,,
9275,5075,,
1784,5075,,
15730,5614,,
1786,5075,,
9279,5075,,
1788,5529,,
1790,5075,,
1791,5075,,
1789,5075,,
15731,5614,,
1792,5075,,
1794,5075,,
8972,5075,,
9280,5212,,
11847,5075,,
15732,5614,,
9281,5213,,
9282,5214,,
4027,5122,,
9284,5075,,
15733,5614,,
1804,5075,,
11848,5122,,
1806,5530,,
1809,5531,,
8974,5124,,
15734,5614,,
11849,5124,,
816,5075,,
1815,5075,,
9286,5216,,
1816,5532,,
1818,5534,,
1817,5533,,
15735,5614,,
9291,5218,,
1822,5075,,
9293,5075,,
1828,5075,,
1829,5536,,
15736,5614,,
1827,5535,,
9292,5219,,
1830,5075,,
1832,5537,,
1833,5075,,
1831,5075,,
1834,5075,,
1835,5538,,
15737,5614,,
8978,5127,,
1836,5075,,
11853,5127,,
15738,5614,,
1840,5075,,
1843,5075,,
15739,5614,,
11855,5075,,
1844,5075,,
9301,5220,,
1846,5075,,
1848,5075,,
8981,5133,,
1847,5540,,
15740,5614,,
9303,5075,,
4035,5133,,
1850,5541,,
11856,5133,,
1851,5075,,
9305,5222,,
15741,5225,,
513,5129,,
9304,5221,,
11857,5129,,
15443,5614,,
11858,5075,,
836,5222,,
15742,5614,,
4037,5075,,
15743,5614,,
9312,5225,,
1872,5544,,
1873,5545,,
11859,5075,,
1871,5075,,
1874,5075,,
1877,5075,,
11860,5132,,
9313,5226,,
1876,5075,,
15744,5614,,
517,5130,,
1878,5075,,
1880,5075,,
1881,5075,,
15745,5614,,
1885,5075,,
1882,5075,,
1884,5075,,
1886,5075,,
1888,5075,,
1889,5075,,
8986,5130,,
1887,5075,,
11861,5130,,
1890,5075,,
15746,5614,,
9318,5075,,
1907,5075,,
1908,5075,,
1909,5075,,
1708,5075,,
11862,5131,,
9320,5075,,
9322,5075,,
15747,5614,,
4041,5131,,
9321,5227,,
11863,5129,,
9324,5228,,
1910,5075,,
1913,5075,,
9323,5075,,
1912,5075,,
15748,5614,,
1924,5075,,
1925,5075,,
1926,5075,,
1916,5075,,
263,5132,,
1923,5075,,
8989,5132,,
11864,5132,,
1922,5075,,
8990,5130,,
9329,5075,,
11865,5130,,
15750,5614,,
1937,5075,,
4045,5133,,
11866,5133,,
522,5133,,
9333,5230,,
1940,5075,,
15751,5614,,
1942,5075,,
1951,5075,,
15444,5614,,
1950,5075,,
1954,5075,,
1955,5075,,
15752,5614,,
1953,5075,,
15753,5614,,
9340,5232,,
15754,5614,,
9343,5075,,
9342,5233,,
1972,5075,,
1973,5075,,
874,5075,,
9346,5234,,
1975,5075,,
15445,5614,,
9345,5075,,
15755,5614,,
4400,5234,,
1982,5075,,
1983,5075,,
15756,5614,,
4401,5235,,
1985,5075,,
1986,5075,,
1987,5075,,
15757,5614,,
1994,5075,,
15758,5614,,
1997,5547,,
9355,5239,,
1999,5075,,
2002,5075,,
2001,5075,,
9357,5241,,
9356,5240,,
9359,5075,,
9358,5075,,
9361,5243,,
9004,5075,,
11879,5075,,
15761,5614,,
893,5244,,
9364,5246,,
2022,5075,,
11880,5075,,
15763,5614,,
9366,5075,,
2023,5075,,
9006,5075,,
11881,5075,,
2030,5075,,
9367,5075,,
2029,5075,,
15764,5614,,
538,5134,,
2031,5075,,
2034,5075,,
11882,5134,,
7624,5614,,
11883,5075,,
15765,5614,,
9009,5075,,
11884,5075,,
2043,5075,,
4063,5075,,
2044,5075,,
11885,5135,,
15768,5246,,
2052,5075,,
9011,5075,,
2053,5075,,
2054,5075,,
11886,5075,,
2055,5106,,
2058,5075,,
2057,5075,,
11887,5075,,
15769,5246,,
9382,5253,,
9381,5252,,
914,5075,,
9384,5254,,
2080,5075,,
2076,5075,,
2077,5075,,
2078,5075,,
2079,5075,,
2081,5075,,
15773,5614,,
9385,5255,,
9386,5256,,
15774,5614,,
15775,5614,,
2087,5075,,
2091,5386,,
919,5258,,
2092,5075,,
2089,5075,,
2090,5075,,
15776,5614,,
9017,5491,,
2093,5075,,
11892,5491,,
15777,5614,,
9391,5260,,
4071,5491,,
15446,5614,,
11894,5075,,
922,5260,,
2107,5075,,
2108,5075,,
15778,5614,,
2106,5075,,
9020,5075,,
9395,5075,,
2111,5075,,
2114,5075,,
11895,5075,,
2113,5075,,
9397,5075,,
9396,5075,,
2125,5075,,
2126,5075,,
15779,5614,,
15780,5614,,
2127,5075,,
2130,5075,,
9403,5075,,
2131,5075,,
2134,5075,,
15781,5614,,
9405,5075,,
9404,5267,,
11899,5075,,
15782,5614,,
15783,5614,,
2145,5075,,
11900,5138,,
2151,5075,,
2146,5075,,
2147,5075,,
2149,5075,,
2150,5075,,
2148,5075,,
15784,5614,,
2152,5075,,
9414,5075,,
15785,5614,,
2156,5075,,
4081,5148,,
9413,5270,,
11902,5148,,
2160,5075,,
2163,5075,,
9415,5075,,
11903,5140,,
2165,5075,,
15447,5614,,
11904,5141,,
4083,5141,,
2168,5075,,
2174,5075,,
2175,5075,,
2176,5075,,
2178,5075,,
11905,5142,,
2179,5075,,
9424,5075,,
2184,5075,,
7626,5614,,
11906,5143,,
563,5144,,
9428,5075,,
11907,5144,,
9427,5274,,
15791,5614,,
15792,5614,,
960,5275,,
9431,5075,,
9430,5075,,
15793,5614,,
2205,5075,,
2206,5075,,
9434,5075,,
2207,5075,,
15794,5614,,
9433,5276,,
15795,5614,,
2212,5075,,
2214,5075,,
2213,5442,,
2215,5075,,
2218,5075,,
9436,5277,,
2217,5075,,
9439,5075,,
2220,5075,,
2221,5075,,
9441,5274,,
2226,5075,,
15796,5614,,
2225,5075,,
15797,5614,,
2228,5075,,
2230,5075,,
15798,5614,,
9446,5075,,
2238,5075,,
15799,5614,,
572,5144,,
9448,5075,,
2239,5075,,
2242,5075,,
9041,5144,,
11916,5144,,
15800,5614,,
2244,5075,,
4095,5144,,
980,5144,,
15801,5614,,
2255,5075,,
11917,5140,,
9451,5285,,
2252,5075,,
2253,5075,,
2257,5075,,
15802,5614,,
11918,5148,,
983,5286,,
2258,5075,,
2259,5075,,
2260,5075,,
2263,5075,,
15448,5614,,
2265,5075,,
2267,5075,,
2268,5075,,
2266,5075,,
15803,5614,,
2269,5075,,
8612,5614,,
15804,5614,,
2282,5075,,
15805,5241,,
2283,5075,,
2285,5557,,
2286,5075,,
9462,5289,,
2287,5075,,
2290,5075,,
2289,5075,,
2296,5075,,
15807,5614,,
9463,5075,,
2298,5075,,
2301,5075,,
15808,5614,,
2300,5075,,
2302,5075,,
11924,5150,,
2304,5075,,
15809,5614,,
2305,5075,,
15810,5614,,
581,5075,,
2339,5075,,
2341,5075,,
2342,5580,,
5231,5075,,
2312,5075,,
15811,5614,,
5235,5075,,
2313,5075,,
11925,5075,,
2319,5075,,
2322,5075,,
2321,5075,,
11926,5075,,
15812,5614,,
2324,5075,,
15813,5614,,
2325,5075,,
11927,5151,,
2327,5075,,
2330,5075,,
2329,5075,,
11928,5152,,
2331,5075,,
2333,5075,,
15814,5614,,
9475,5290,,
9054,5075,,
2338,5075,,
11929,5075,,
4108,5075,,
15815,5614,,
2344,5075,,
1007,5291,,
2345,5075,,
2346,5075,,
15816,5614,,
586,5153,,
9055,5153,,
11930,5153,,
2354,5075,,
11932,5154,,
9478,5293,,
2353,5075,,
15449,5614,,
2357,5075,,
15450,5614,,
9058,5155,,
9479,5292,,
2358,5075,,
9481,5295,,
11933,5155,,
2360,5075,,
2361,5075,,
4112,5155,,
9480,5294,,
9483,5075,,
9482,5296,,
9484,5256,,
15452,5614,,
15453,5614,,
11937,5151,,
1020,5298,,
11938,5153,,
9489,5298,,
7632,5614,,
9491,5299,,
15454,5614,,
15455,5614,,
11940,5155,,
597,5156,,
11941,5156,,
15456,5614,,
9495,5075,,
4550,5075,,
15457,5614,,
9497,5300,,
15458,5624,,
15459,5614,,
9499,5301,,
9500,5302,,
7638,5614,,
15460,5614,,
602,5075,,
11946,5075,,
15461,5614,,
11947,5075,,
15462,5614,,
2449,5568,,
11948,5157,,
15463,5614,,
9504,5075,,
15464,5614,,
9506,5306,,
5257,5075,,
9075,5075,,
11950,5075,,
4129,5075,,
15465,5614,,
15466,5614,,
15467,5614,,
11952,5159,,
9511,5075,,
15468,5614,,
9513,5075,,
9515,5311,,
15817,5614,,
9514,5310,,
9517,5312,,
15818,5614,,
15819,5614,,
9519,5314,,
15820,5614,,
4574,5075,,
5286,5075,,
2523,5573,,
9521,5315,,
9083,5075,,
15821,5614,,
11958,5075,,
9523,5317,,
15822,5614,,
2531,5574,,
4137,5075,,
11959,5075,,
15823,5614,,
616,5075,,
9528,5075,,
2547,5577,,
15824,5614,,
11960,5075,,
2545,5576,,
15825,5614,,
15826,5614,,
9086,5075,,
2549,5579,,
11961,5075,,
9532,5075,,
9531,5075,,
15827,5614,,
15828,5614,,
11963,5160,,
11964,5075,,
15829,5614,,
15830,5614,,
15831,5614,,
11965,5161,,
11966,5162,,
15832,5614,,
15833,5614,,
15834,5614,,
9092,5075,,
11967,5075,,
15835,5614,,
11969,5075,,
9548,5075,,
15836,5614,,
1079,5075,,
9549,5075,,
9551,5326,,
15837,5614,,
9550,5325,,
9553,5328,,
15838,5614,,
1084,5328,,
15839,5614,,
15840,5614,,
15841,5614,,
15842,5614,,
2646,5585,,
15843,5614,,
11975,5075,,
4154,5075,,
15844,5614,,
9564,5256,,
1097,5177,,
15845,5614,,
9566,5177,,
15846,5614,,
8025,5614,,
15847,5614,,
11980,5075,,
9575,5075,,
9574,5075,,
11981,5075,,
15848,5614,,
4629,5075,,
9576,5338,,
11982,5075,,
15849,5614,,
3103,5443,,
4631,5075,,
2689,5417,,
9579,5339,,
15850,5614,,
9108,5075,,
9578,5075,,
11983,5075,,
9581,5075,,
9580,5340,,
11984,5164,,
4163,5164,,
9584,5075,,
11985,5075,,
9583,5342,,
642,5165,,
11986,5165,,
9112,5166,,
11987,5166,,
9113,5075,,
15854,5614,,
11988,5075,,
4167,5075,,
15855,5614,,
11989,5167,,
11990,5075,,
15857,5614,,
11992,5075,,
15858,5614,,
11993,5169,,
15859,5614,,
4173,5170,,
11994,5170,,
15860,5614,,
15861,5614,,
9598,5348,,
9599,5348,,
9601,5350,,
9600,5349,,
9603,5352,,
9602,5351,,
15863,5614,,
9608,5354,,
15865,5614,,
9610,5075,,
8044,5614,,
9609,5328,,
9612,5356,,
9611,5355,,
9613,5357,,
15867,5614,,
9616,5358,,
2801,5267,,
15869,5614,,
15870,5614,,
12004,5075,,
15871,5614,,
12005,5075,,
15872,5614,,
9131,5075,,
12006,5075,,
15873,5614,,
12007,5174,,
12009,5075,,
12011,5075,,
9635,5359,,
9638,5075,,
15878,5614,,
12012,5175,,
9640,5362,,
12013,5075,,
9639,5075,,
9642,5364,,
9641,5363,,
9644,5366,,
1176,5367,,
15881,5614,,
9647,5075,,
9646,5368,,
8060,5614,,
15882,5614,,
9654,5373,,
15883,5614,,
9653,5372,,
9655,5075,,
9656,5374,,
15885,5614,,
12022,5075,,
9149,5075,,
4203,5075,,
15887,5614,,
12024,5075,,
9664,5075,,
9666,5377,,
9668,5196,,
9667,5378,,
12028,5075,,
9670,5380,,
12029,5177,,
9669,5379,,
12030,5075,,
9671,5075,,
9674,5382,,
9686,5386,,
12035,5075,,
9685,5075,,
1217,5386,,
12037,5180,,
12038,5075,,
9690,5388,,
15902,5614,,
15903,5614,,
9697,5075,,
15904,5614,,
12042,5075,,
9700,5342,,
15905,5614,,
9707,5389,,
9705,5075,,
9706,5075,,
15907,5614,,
12046,5181,,
15908,5614,,
9172,5075,,
8087,5614,,
12047,5075,,
15909,5614,,
15910,5614,,
12049,5182,,
15911,5614,,
12050,5075,,
9716,5391,,
9718,5075,,
12051,5183,,
9717,5392,,
15912,5614,,
1250,5075,,
15913,5614,,
15914,5614,,
9721,5075,,
3089,5449,,
3085,5448,,
9727,5393,,
9729,5394,,
12057,5075,,
9728,5075,,
3109,5439,,
3111,5437,,
9183,5186,,
3113,5418,,
12058,5186,,
3116,5419,,
12059,5075,,
9735,5395,,
15922,5614,,
9737,5397,,
9736,5396,,
15923,5614,,
9738,5075,,
1271,5398,,
15924,5614,,
9740,5398,,
15925,5614,,
15926,5614,,
15930,5614,,
9750,5075,,
9752,5075,,
12066,5285,,
1283,5075,,
4246,5187,,
12067,5187,,
9755,5400,,
9193,5194,,
12068,5194,,
12071,5075,,
9769,5075,,
9768,5402,,
728,5193,,
3227,5607,,
3228,5607,,
12072,5193,,
3231,5607,,
3229,5607,,
3230,5607,,
9773,5075,,
3232,5607,,
3234,5607,,
3235,5607,,
9772,5404,,
3236,5607,,
3239,5607,,
3237,5607,,
3238,5607,,
3240,5607,,
15947,5614,,
3243,5607,,
9775,5406,,
3241,5607,,
3242,5607,,
15948,5614,,
9777,5075,,
9199,5075,,
12074,5075,,
15949,5614,,
9778,5408,,
15950,5614,,
9782,5410,,
9780,5409,,
9781,5075,,
15951,5614,,
9784,5411,,
15952,5614,,
9785,5076,,
15953,5614,,
15954,5614,,
5557,5075,,
9789,5413,,
9790,5414,,
9791,5415,,
15957,5614,,
9793,5417,,
1323,5416,,
9794,5075,,
15959,5614,,
15960,5614,,
9797,5420,,
2051,5075,,
10520,5075,,
15962,5614,,
1330,5422,,
9800,5075,,
15964,5614,,
9802,5424,,
15966,5614,,
15967,5614,,
1334,5075,,
9806,5075,,
9805,5426,,
15968,5396,,
15970,5614,,
9813,5075,,
12085,5192,,
742,5193,,
3640,5614,,
3641,5614,,
3642,5614,,
12086,5193,,
15975,5614,,
9822,5431,,
4266,5194,,
3394,5610,,
3397,5613,,
3644,5614,,
3645,5614,,
3647,5614,,
3395,5611,,
3396,5612,,
3401,5617,,
3403,5614,,
12087,5194,,
3399,5615,,
3400,5616,,
3402,5614,,
3407,5614,,
9823,5432,,
9824,5433,,
9826,5075,,
3408,5614,,
3410,5614,,
3411,5614,,
12088,5075,,
15978,5614,,
3412,5614,,
3414,5614,,
3415,5614,,
15979,5614,,
12089,5075,,
3419,5352,,
9831,5075,,
4268,5075,,
9832,5075,,
12090,5195,,
3431,5614,,
3432,5614,,
3435,5614,,
747,5196,,
12091,5196,,
15984,5614,,
9839,5437,,
15985,5614,,
9840,5438,,
9842,5439,,
9844,5075,,
15987,5614,,
9843,5440,,
15988,5614,,
12094,5199,,
15989,5614,,
9220,5075,,
15991,5614,,
12095,5075,,
9852,5075,,
9854,5443,,
3488,5614,,
3490,5614,,
3491,5614,,
3492,5614,,
3494,5614,,
3493,5614,,
9860,5075,,
3496,5614,,
3498,5614,,
3499,5614,,
3500,5101,,
3503,5614,,
3501,5614,,
3502,5614,,
9862,5075,,
3506,5614,,
3507,5614,,
1394,5445,,
3504,5614,,
3505,5614,,
9864,5075,,
16001,5614,,
9870,5447,,
16002,5614,,
3530,5614,,
3533,5614,,
9873,5448,,
3535,5614,,
16004,5614,,
3539,5614,,
9874,5075,,
3540,5614,,
3541,5614,,
9876,5075,,
9877,5075,,
16006,5614,,
16007,5614,,
16008,5614,,
16009,5614,,
16010,5614,,
12106,5075,,
16011,5614,,
9887,5449,,
3572,5614,,
3573,5614,,
3575,5614,,
16012,5614,,
3578,5614,,
3579,5614,,
16013,5614,,
3581,5614,,
3582,5614,,
9895,5454,,
3586,5614,,
16014,5614,,
9894,5453,,
3588,5614,,
3590,5614,,
12108,5075,,
3592,5614,,
3594,5614,,
3595,5614,,
765,5202,,
3597,5614,,
3598,5614,,
3600,5614,,
9234,5202,,
12109,5202,,
3602,5614,,
3603,5614,,
3601,5614,,
16017,5614,,
3604,5614,,
3606,5614,,
9902,5455,,
9903,5456,,
16018,5614,,
9905,5075,,
12110,5203,,
16019,5614,,
4289,5203,,
16020,5614,,
12111,5075,,
9908,5075,,
3620,5614,,
1440,5459,,
3622,5614,,
16022,5614,,
9237,5204,,
12112,5204,,
3626,5614,,
3627,5614,,
1442,5461,,
3629,5614,,
3630,5614,,
3631,5614,,
9911,5461,,
3633,5614,,
12113,5205,,
3634,5614,,
3635,5614,,
16024,5614,,
3636,5614,,
3638,5614,,
3637,5614,,
9239,5075,,
3651,5614,,
12114,5075,,
3654,5614,,
3652,5614,,
3656,5618,,
12115,5206,,
9920,5075,,
16029,5614,,
8208,5614,,
9924,5462,,
3672,5291,,
16032,5614,,
9928,5075,,
16034,5614,,
9930,5075,,
16035,5614,,
9932,5465,,
16036,5614,,
9246,5075,,
12121,5075,,
16037,5614,,
3716,5614,,
12122,5075,,
3717,5614,,
3720,5368,,
16039,5614,,
1472,5466,,
16041,5614,,
9943,5467,,
9948,5075,,
3756,5614,,
3757,5614,,
16045,5614,,
9947,5469,,
9950,5470,,
3758,5614,,
3760,5614,,
3761,5614,,
3762,5614,,
3764,5614,,
3765,5614,,
16047,5614,,
9951,5471,,
13258,5075,,
3767,5614,,
3768,5614,,
3769,5614,,
3766,5614,,
16048,5614,,
3770,5614,,
3772,5614,,
3773,5614,,
16049,5614,,
16050,5614,,
3775,5614,,
3776,5614,,
3778,5614,,
3780,5614,,
3781,5516,,
9957,5075,,
3782,5614,,
3784,5614,,
3785,5614,,
3786,5614,,
9255,5075,,
3788,5614,,
3789,5614,,
9960,5474,,
3787,5614,,
12130,5075,,
3791,5144,,
12131,5075,,
5014,5474,,
3797,5075,,
4310,5075,,
16054,5614,,
3799,5075,,
1915,5075,,
3802,5075,,
12132,5075,,
3803,5077,,
16055,5614,,
16056,5614,,
16058,5614,,
16059,5614,,
3816,5080,,
3817,5075,,
5462,5075,,
13284,5075,,
9968,5075,,
16061,5614,,
16062,5614,,
9970,5477,,
3828,5075,,
3829,5075,,
16063,5614,,
3830,5075,,
3832,5075,,
3833,5075,,
12133,5075,,
16064,5614,,
9973,5477,,
3836,5075,,
3837,5075,,
4312,5075,,
3834,5075,,
16065,5614,,
5027,5477,,
16067,5614,,
3853,5075,,
3854,5075,,
16068,5614,,
16069,5614,,
3857,5075,,
16070,5614,,
3855,5086,,
3860,5075,,
3862,5075,,
3867,5075,,
3864,5075,,
3868,5087,,
16071,5614,,
3869,5088,,
3872,5075,,
9983,5075,,
3876,5091,,
16072,5614,,
16073,5614,,
3877,5092,,
9990,5480,,
3883,5075,,
9989,5479,,
3890,5091,,
9992,5482,,
12137,5210,,
9993,5483,,
9996,5075,,
12138,5075,,
3929,5099,,
9264,5075,,
410,5100,,
3930,5075,,
12139,5075,,
3933,5100,,
3931,5104,,
3938,5102,,
3936,5075,,
3937,5101,,
3939,5075,,
3942,5103,,
1534,5480,,
3948,5102,,
3949,5103,,
10004,5482,,
16086,5614,,
10006,5075,,
3952,5104,,
3953,5075,,
16087,5614,,
3950,5075,,
10008,5484,,
3955,5105,,
3956,5075,,
3957,5075,,
3954,5099,,
16088,5614,,
10010,5485,,
16089,5614,,
3960,5106,,
3961,5107,,
3958,5075,,
16090,5614,,
3964,5110,,
3965,5075,,
16091,5614,,
3962,5108,,
443,5111,,
8271,5614,,
16092,5614,,
16093,5614,,
16094,5614,,
16095,5614,,
3979,5075,,
3980,5075,,
16096,5614,,
3982,5075,,
3983,5114,,
3984,5075,,
3981,5075,,
16097,5614,,
10022,5476,,
3986,5075,,
3987,5116,,
3988,5075,,
3985,5115,,
16098,5614,,
3991,5119,,
3989,5117,,
16099,5614,,
16100,5614,,
10029,5488,,
4003,5075,,
4004,5075,,
10028,5487,,
484,5075,,
4005,5075,,
16102,5614,,
4008,5075,,
4010,5122,,
4011,5075,,
4012,5075,,
4014,5075,,
16105,5614,,
10032,5490,,
4015,5124,,
4026,5075,,
10034,5075,,
16107,5614,,
10037,5492,,
4028,5124,,
10039,5075,,
4032,5127,,
4034,5075,,
4038,5075,,
4039,5132,,
4036,5129,,
4040,5130,,
4042,5129,,
4043,5132,,
4044,5130,,
10043,5494,,
4058,5075,,
4059,5075,,
4060,5075,,
4061,5134,,
4062,5075,,
4064,5135,,
4065,5075,,
4066,5075,,
10045,5495,,
4073,5075,,
16119,5614,,
12146,5075,,
4074,5075,,
16120,5614,,
4078,5075,,
4079,5138,,
12147,5075,,
10053,5075,,
4084,5142,,
4085,5143,,
4082,5140,,
16123,5614,,
4086,5144,,
1584,5075,,
10056,5075,,
10055,5075,,
4096,5140,,
4097,5148,,
4159,5075,,
4160,5075,,
4161,5075,,
4104,5075,,
4106,5151,,
5648,5075,,
4103,5150,,
4105,5075,,
4109,5153,,
4107,5152,,
16128,5614,,
4111,5154,,
4116,5151,,
4117,5153,,
2132,5075,,
4119,5155,,
4120,5156,,
10066,5075,,
4125,5075,,
4126,5075,,
4127,5157,,
12149,5211,,
10068,5498,,
4131,5159,,
12150,5075,,
10067,5075,,
1599,5498,,
10071,5075,,
4138,5075,,
4139,5075,,
4140,5075,,
4809,5400,,
4142,5160,,
4143,5075,,
4144,5161,,
4145,5162,,
4146,5075,,
4148,5075,,
10073,5075,,
4162,5075,,
4164,5075,,
4165,5165,,
4168,5167,,
4169,5075,,
4166,5166,,
650,5170,,
4171,5075,,
4172,5169,,
5169,5075,,
5167,5075,,
4185,5075,,
4183,5075,,
4184,5075,,
4186,5174,,
4190,5075,,
4191,5175,,
9278,5075,,
4188,5075,,
4192,5075,,
12153,5075,,
12154,5075,,
4208,5177,,
4209,5075,,
16144,5614,,
680,5075,,
4201,5075,,
4207,5075,,
16145,5614,,
10085,5500,,
12155,5212,,
16146,5614,,
10087,5502,,
4216,5180,,
4217,5075,,
12156,5213,,
4214,5075,,
8326,5614,,
16147,5614,,
4221,5075,,
4225,5181,,
16148,5614,,
4226,5075,,
4228,5182,,
4229,5075,,
12157,5214,,
4336,5214,,
16149,5614,,
4230,5183,,
4236,5075,,
4237,5186,,
10095,5075,,
9283,5215,,
4238,5075,,
12158,5215,,
4245,5285,,
4247,5194,,
4253,5075,,
4251,5193,,
12159,5075,,
4250,5075,,
730,5075,,
4338,5075,,
1630,5504,,
10101,5075,,
4265,5193,,
12160,5075,,
4264,5192,,
10100,5075,,
4269,5195,,
4270,5196,,
4267,5075,,
10105,5075,,
4273,5199,,
4274,5075,,
9285,5075,,
10649,5075,,
4285,5075,,
2180,5075,,
4290,5075,,
4287,5075,,
4288,5202,,
4293,5075,,
4291,5204,,
771,5206,,
4292,5205,,
12161,5216,,
4300,5075,,
4301,5075,,
4309,5075,,
10108,5507,,
4317,5075,,
10109,5508,,
4311,5075,,
4318,5075,,
4316,5210,,
4325,5075,,
4326,5075,,
10111,5075,,
4329,5075,,
4328,5211,,
4332,5075,,
4335,5213,,
4376,5075,,
4377,5075,,
4333,5075,,
4334,5212,,
4339,5075,,
10113,5075,,
4337,5215,,
4340,5216,,
4383,5075,,
4346,5219,,
4347,5075,,
4345,5218,,
12166,5218,,
16169,5614,,
4356,5075,,
4357,5075,,
8348,5614,,
4359,5222,,
12167,5219,,
4365,5222,,
16170,5614,,
12168,5075,,
4366,5225,,
4367,5226,,
4388,5231,,
4373,5075,,
4374,5075,,
849,5075,,
16174,5614,,
16175,5614,,
4387,5230,,
4384,5229,,
4404,5075,,
4420,5075,,
4396,5233,,
871,5232,,
4395,5075,,
10126,5509,,
16176,5614,,
4399,5075,,
10124,5075,,
4397,5075,,
10125,5075,,
16177,5614,,
10127,5510,,
4408,5238,,
4413,5075,,
4409,5239,,
4411,5241,,
4412,5075,,
4414,5242,,
4410,5240,,
16178,5614,,
4416,5244,,
4418,5246,,
10128,5075,,
10130,5075,,
16180,5614,,
16181,5614,,
4435,5252,,
16182,5614,,
4355,5220,,
4437,5075,,
4439,5255,,
12176,5220,,
4440,5256,,
4448,5262,,
9302,5075,,
4445,5260,,
12177,5075,,
16185,5614,,
4451,5075,,
4450,5075,,
4457,5075,,
12178,5075,,
16188,5614,,
4458,5267,,
4358,5221,,
12179,5221,,
12180,5222,,
4467,5270,,
4468,5075,,
16189,5614,,
6764,5607,,
4469,5075,,
16190,5614,,
16191,5614,,
16192,5614,,
4484,5075,,
16193,5614,,
16194,5614,,
4482,5075,,
4485,5075,,
4488,5075,,
4489,5075,,
4490,5277,,
4493,5075,,
10152,5075,,
4501,5283,,
4502,5075,,
4504,5284,,
4505,5285,,
4506,5286,,
10153,5075,,
16198,5614,,
10156,5511,,
9311,5222,,
16200,5614,,
12186,5222,,
4517,5075,,
10158,5075,,
843,5225,,
16201,5614,,
12187,5225,,
4528,5075,,
4529,5290,,
10160,5512,,
1694,5075,,
4531,5292,,
4532,5293,,
4530,5291,,
10165,5075,,
4535,5295,,
4536,5296,,
4537,5075,,
10164,5075,,
12188,5226,,
16203,5614,,
16204,5614,,
4538,5256,,
4543,5298,,
4545,5299,,
10167,5075,,
16205,5614,,
4551,5300,,
4552,5075,,
1027,5075,,
4549,5075,,
16206,5614,,
4554,5302,,
4567,5075,,
4568,5310,,
4558,5075,,
4569,5311,,
16207,5614,,
10172,5514,,
10173,5075,,
4560,5306,,
16208,5614,,
10174,5515,,
4565,5075,,
1051,5075,,
16209,5614,,
16210,5614,,
4571,5312,,
4578,5318,,
16211,5614,,
4575,5315,,
16212,5614,,
5479,5075,,
4372,5075,,
12193,5075,,
16213,5614,,
16214,5614,,
10178,5075,,
9319,5075,,
10177,5075,,
12194,5075,,
10180,5516,,
10179,5075,,
851,5075,,
5632,5075,,
5633,5075,,
5634,5075,,
5635,5075,,
2323,5075,,
12195,5075,,
4375,5227,,
16216,5614,,
12196,5227,,
4602,5075,,
4603,5075,,
4604,5325,,
10181,5075,,
8395,5614,,
16217,5246,,
4606,5327,,
12197,5075,,
4618,5256,,
4620,5177,,
4608,5329,,
4609,5075,,
4607,5328,,
16218,5614,,
12198,5075,,
10183,5075,,
4378,5228,,
16220,5614,,
4628,5075,,
12199,5228,,
4633,5339,,
4634,5340,,
16221,5614,,
16222,5614,,
4630,5338,,
4638,5075,,
1113,5341,,
16223,5614,,
4664,5075,,
1142,5355,,
10188,5517,,
4652,5348,,
16227,5614,,
4654,5349,,
4655,5350,,
4656,5351,,
10190,5518,,
4689,5359,,
4657,5352,,
4658,5075,,
16228,5614,,
4662,5354,,
4663,5328,,
4660,5075,,
12204,5075,,
4667,5357,,
4669,5075,,
4671,5075,,
4670,5358,,
9330,5229,,
12205,5229,,
16235,5614,,
4692,5075,,
4694,5362,,
4696,5364,,
4695,5363,,
16236,5614,,
16237,5614,,
4699,5367,,
4700,5368,,
1175,5366,,
12208,5230,,
9334,5231,,
16238,5614,,
4710,5374,,
16239,5614,,
12209,5231,,
4708,5373,,
8418,5614,,
10202,5075,,
10203,5075,,
1190,5375,,
10204,5075,,
16240,5614,,
10206,5075,,
1735,5075,,
10205,5519,,
16241,5614,,
10207,5520,,
4720,5377,,
4721,5378,,
4722,5196,,
8421,5614,,
4724,5380,,
4725,5075,,
4723,5379,,
16242,5614,,
4728,5382,,
8422,5614,,
16243,5614,,
4738,5385,,
4739,5075,,
16244,5614,,
4740,5386,,
16245,5614,,
4744,5388,,
16246,5614,,
1748,5075,,
4394,5232,,
4749,5075,,
10217,5075,,
16247,5614,,
4754,5342,,
10218,5075,,
12215,5232,,
16248,5614,,
9341,5075,,
16249,5614,,
16250,5614,,
12216,5075,,
1237,5075,,
4760,5075,,
4770,5391,,
873,5233,,
4771,5392,,
12217,5233,,
16251,5614,,
12218,5075,,
1241,5390,,
4773,5075,,
4774,5075,,
4775,5075,,
10221,5075,,
4772,5075,,
4782,5075,,
16252,5614,,
16253,5614,,
12220,5075,,
10223,5521,,
16254,5614,,
16255,5614,,
4789,5395,,
4790,5396,,
10226,5522,,
4792,5075,,
4793,5075,,
4794,5398,,
10227,5075,,
12221,5234,,
16256,5614,,
16257,5614,,
16258,5614,,
9347,5235,,
4804,5075,,
16259,5614,,
12222,5235,,
4806,5075,,
4808,5075,,
10231,5075,,
10232,5075,,
16260,5614,,
16261,5614,,
4821,5401,,
4823,5075,,
4824,5403,,
4825,5075,,
16262,5614,,
4828,5405,,
4826,5404,,
16263,5614,,
4833,5075,,
4834,5409,,
16264,5614,,
4831,5075,,
4836,5410,,
4837,5075,,
4838,5411,,
4835,5075,,
16266,5614,,
9350,5075,,
4842,5075,,
12225,5075,,
8445,5614,,
4843,5413,,
1322,5415,,
16267,5614,,
4847,5417,,
4848,5075,,
4849,5418,,
4853,5422,,
4850,5419,,
16269,5614,,
4854,5075,,
4856,5424,,
4857,5075,,
4858,5425,,
16270,5614,,
10247,5527,,
4860,5075,,
10249,5075,,
4865,5075,,
4867,5075,,
10248,5075,,
10251,5075,,
4869,5428,,
10250,5075,,
16272,5274,,
9354,5238,,
12229,5238,,
4878,5433,,
4879,5434,,
4880,5075,,
10252,5075,,
10253,5075,,
16274,5614,,
4884,5436,,
10256,5075,,
4886,5075,,
10255,5075,,
886,5239,,
12230,5239,,
4893,5437,,
12231,5240,,
4895,5075,,
4896,5439,,
4897,5440,,
10257,5529,,
10258,5075,,
10260,5075,,
16278,5614,,
10259,5075,,
4898,5075,,
4906,5075,,
888,5241,,
12232,5241,,
4908,5443,,
12233,5075,,
4914,5075,,
10261,5075,,
4913,5075,,
16280,5614,,
4917,5445,,
4916,5075,,
10262,5075,,
12234,5075,,
16282,5614,,
4927,5448,,
4924,5447,,
16283,5614,,
891,5242,,
4929,5075,,
4931,5075,,
16285,5614,,
9360,5242,,
12235,5242,,
16286,5614,,
4941,5449,,
4943,5075,,
10271,5075,,
4415,5243,,
4946,5075,,
12236,5243,,
9362,5244,,
12237,5244,,
4948,5453,,
4949,5454,,
10272,5075,,
10273,5075,,
4956,5455,,
4963,5459,,
4964,5460,,
4965,5461,,
4961,5075,,
4957,5456,,
4959,5075,,
4962,5075,,
4958,5457,,
12239,5246,,
10275,5530,,
10277,5075,,
16290,5614,,
10276,5075,,
1808,5075,,
10278,5531,,
4980,5463,,
16293,5614,,
4978,5462,,
12241,5075,,
4983,5075,,
4985,5075,,
4986,5465,,
10284,5075,,
16296,5614,,
4421,5075,,
10286,5533,,
4995,5466,,
4997,5467,,
10285,5532,,
12242,5075,,
5001,5469,,
10287,5534,,
5004,5470,,
5003,5075,,
5011,5075,,
5005,5471,,
16298,5614,,
5013,5473,,
10291,5075,,
5023,5476,,
5024,5477,,
10292,5075,,
5022,5075,,
5029,5478,,
1504,5477,,
16301,5614,,
10296,5535,,
5037,5075,,
10298,5536,,
5043,5479,,
10297,5075,,
1524,5483,,
16303,5614,,
5044,5480,,
5047,5483,,
5050,5075,,
10299,5075,,
10300,5075,,
10302,5075,,
5056,5479,,
10301,5537,,
10304,5538,,
16305,5614,,
5058,5482,,
5060,5075,,
10303,5075,,
5057,5480,,
16306,5614,,
5062,5484,,
5063,5075,,
5064,5485,,
10305,5075,,
16307,5614,,
16309,5614,,
16310,5614,,
5076,5476,,
10309,5075,,
10312,5075,,
5091,5492,,
5092,5493,,
5090,5491,,
5082,5487,,
5086,5490,,
5088,5075,,
5084,5489,,
5085,5075,,
5093,5075,,
10313,5075,,
5098,5075,,
5099,5495,,
10314,5539,,
10315,5075,,
10317,5075,,
5104,5496,,
10316,5540,,
16314,5614,,
5107,5075,,
5108,5075,,
1849,5075,,
5106,5497,,
16315,5614,,
5111,5075,,
10319,5541,,
5109,5075,,
5110,5075,,
16316,5614,,
10320,5075,,
1852,5542,,
8496,5233,,
5140,5501,,
5139,5500,,
16317,5233,,
5123,5075,,
5125,5075,,
16318,5614,,
5121,5075,,
5122,5498,,
10321,5542,,
5127,5075,,
16320,5614,,
12256,5252,,
16321,5614,,
8501,5614,,
4436,5253,,
16322,5614,,
5149,5075,,
12257,5253,,
8502,5614,,
16323,5614,,
16324,5614,,
5152,5075,,
5153,5504,,
5150,5503,,
5155,5075,,
9383,5075,,
5159,5075,,
5161,5506,,
12258,5075,,
5163,5508,,
5164,5478,,
5165,5075,,
5162,5507,,
4438,5254,,
12259,5254,,
16327,5614,,
8506,5614,,
5178,5075,,
5179,5075,,
16328,5614,,
10341,5544,,
5181,5510,,
5182,5075,,
10340,5075,,
12260,5255,,
16329,5614,,
5186,5075,,
10342,5545,,
10343,5075,,
5184,5075,,
12261,5256,,
1875,5075,,
16330,5614,,
16331,5614,,
10345,5075,,
10347,5075,,
10346,5075,,
16333,5595,,
10349,5075,,
1879,5075,,
16334,5614,,
10351,5075,,
5205,5075,,
5206,5075,,
5207,5075,,
10350,5075,,
16336,5614,,
9388,5258,,
5210,5511,,
16337,5614,,
4442,5258,,
10353,5075,,
10354,5075,,
10356,5075,,
5217,5075,,
5218,5075,,
5219,5075,,
10355,5075,,
12263,5258,,
10358,5075,,
16338,5614,,
5221,5075,,
10357,5075,,
5220,5513,,
5226,5514,,
5227,5075,,
10359,5075,,
16339,5232,,
5228,5515,,
16340,5614,,
5232,5075,,
5233,5075,,
5234,5516,,
16342,5614,,
8521,5614,,
16343,5614,,
12266,5260,,
5244,5518,,
16344,5614,,
16345,5614,,
16346,5614,,
16347,5614,,
5256,5075,,
5258,5075,,
5259,5519,,
5260,5075,,
10376,5075,,
5261,5520,,
16349,5213,,
9394,5262,,
12269,5262,,
10377,5075,,
16350,5214,,
16351,5614,,
5271,5075,,
5272,5075,,
10379,5075,,
4449,5075,,
5275,5075,,
1911,5075,,
16352,5218,,
10382,5075,,
5280,5522,,
10381,5075,,
12270,5075,,
10384,5075,,
10383,5075,,
12271,5075,,
5281,5075,,
8532,5614,,
16353,5614,,
10385,5075,,
5285,5075,,
12272,5075,,
16354,5614,,
16355,5614,,
16356,5614,,
5304,5075,,
5302,5075,,
5303,5075,,
5305,5075,,
5301,5527,,
16357,5220,,
5307,5075,,
5308,5528,,
5309,5075,,
16359,5614,,
5312,5075,,
5313,5075,,
10392,5075,,
5310,5075,,
10394,5075,,
16360,5614,,
5315,5075,,
5317,5075,,
10393,5075,,
10395,5075,,
16361,5240,,
5325,5075,,
5326,5075,,
5327,5075,,
5329,5530,,
5330,5075,,
5331,5075,,
16362,5614,,
5332,5531,,
16363,5614,,
5339,5532,,
5340,5533,,
5341,5534,,
16364,5614,,
16365,5258,,
5345,5075,,
16366,5614,,
16367,5614,,
5352,5536,,
5353,5075,,
5350,5535,,
10409,5075,,
5355,5537,,
5356,5075,,
5357,5075,,
10408,5075,,
12278,5075,,
16368,5614,,
10411,5075,,
5359,5075,,
1941,5075,,
5358,5538,,
16369,5614,,
16370,5270,,
12279,5267,,
5363,5075,,
4459,5075,,
5366,5075,,
5367,5075,,
5368,5539,,
16371,5614,,
12280,5075,,
5370,5540,,
5372,5075,,
16372,5614,,
5374,5075,,
5373,5541,,
16373,5614,,
16375,5614,,
10420,5075,,
16376,5437,,
10422,5075,,
16377,5614,,
10424,5075,,
10423,5075,,
16378,5614,,
10426,5075,,
5395,5544,,
5396,5545,,
5398,5075,,
5399,5075,,
5400,5075,,
5402,5075,,
5403,5075,,
5404,5075,,
5401,5075,,
5407,5075,,
5408,5075,,
16381,5492,,
5411,5075,,
5412,5075,,
5409,5075,,
16383,5614,,
16384,5614,,
16385,5614,,
10440,5075,,
16386,5614,,
10442,5075,,
5430,5075,,
5431,5075,,
5432,5075,,
10441,5075,,
16387,5614,,
5435,5075,,
5436,5075,,
1974,5075,,
10443,5075,,
5433,5075,,
5434,5075,,
5445,5075,,
5446,5075,,
5439,5075,,
5448,5075,,
12288,5270,,
16388,5614,,
10444,5075,,
16389,5614,,
12289,5075,,
5449,5075,,
12290,5075,,
16390,5614,,
5463,5075,,
5464,5075,,
1939,5075,,
16391,5614,,
16392,5614,,
5473,5075,,
5474,5075,,
16393,5614,,
16394,5614,,
5476,5075,,
5478,5075,,
10451,5075,,
16395,5614,,
10452,5075,,
1970,5075,,
1984,5075,,
5494,5075,,
16396,5614,,
5496,5075,,
5497,5075,,
5498,5075,,
10453,5075,,
10454,5075,,
16397,5614,,
10455,5075,,
10456,5075,,
3497,5614,,
5506,5075,,
5507,5075,,
5508,5075,,
1988,5075,,
5505,5075,,
16398,5614,,
16399,5614,,
5511,5075,,
5509,5075,,
16400,5614,,
5520,5547,,
5517,5075,,
5524,5075,,
1998,5075,,
5522,5075,,
5525,5075,,
5523,5075,,
16402,5614,,
16403,5614,,
4478,5075,,
10463,5075,,
12299,5075,,
16404,5614,,
10467,5075,,
10466,5547,,
5545,5075,,
16405,5614,,
10468,5075,,
16406,5614,,
4481,5274,,
958,5274,,
2000,5075,,
5547,5075,,
12302,5274,,
10470,5075,,
5552,5075,,
5553,5075,,
12303,5075,,
16409,5614,,
5555,5075,,
5556,5075,,
9429,5275,,
16410,5614,,
4483,5275,,
5565,5075,,
12304,5275,,
16411,5614,,
5567,5075,,
5568,5075,,
5569,5571,,
16412,5614,,
12305,5075,,
5577,5075,,
12306,5075,,
5574,5075,,
5576,5075,,
16413,5411,,
8592,5411,,
963,5276,,
5579,5075,,
5580,5075,,
5581,5075,,
9432,5276,,
4486,5276,,
12307,5276,,
5590,5075,,
5601,5075,,
5603,5075,,
4487,5276,,
12308,5276,,
5599,5075,,
5600,5075,,
5602,5075,,
16417,5614,,
12309,5075,,
5604,5075,,
5611,5075,,
16418,5614,,
966,5075,,
9435,5075,,
5614,5386,,
12310,5075,,
5613,5075,,
12311,5277,,
10491,5075,,
10492,5075,,
5616,5075,,
16420,5614,,
2024,5075,,
10493,5075,,
16421,5614,,
12314,5075,,
16422,5614,,
5629,5075,,
5636,5075,,
16423,5614,,
5637,5075,,
16424,5614,,
972,5274,,
2028,5075,,
5649,5075,,
4495,5274,,
16425,5614,,
12316,5274,,
10499,5075,,
5653,5075,,
10500,5075,,
10501,5075,,
5650,5075,,
5652,5075,,
16426,5614,,
2032,5075,,
5655,5075,,
5656,5075,,
5657,5075,,
16427,5614,,
10503,5075,,
5668,5075,,
5672,5075,,
5674,5075,,
16429,5614,,
4500,5075,,
5669,5075,,
5670,5075,,
5671,5075,,
5673,5075,,
12321,5075,,
5679,5075,,
9447,5283,,
12322,5283,,
5681,5075,,
5683,5075,,
5687,5075,,
12323,5075,,
10511,5075,,
5686,5075,,
16431,5614,,
9449,5144,,
4503,5144,,
16432,5614,,
5690,5075,,
12324,5144,,
10513,5075,,
10514,5075,,
9450,5284,,
5699,5075,,
12325,5284,,
10515,5571,,
5698,5075,,
16433,5614,,
5700,5075,,
16434,5614,,
12326,5285,,
5701,5075,,
5703,5075,,
5704,5075,,
9452,5286,,
5705,5075,,
5707,5075,,
12327,5286,,
16437,5614,,
5730,5075,,
5731,5075,,
4907,5442,,
5728,5075,,
5729,5075,,
16439,5614,,
5575,5075,,
5735,5075,,
5739,5075,,
16440,5614,,
10522,5075,,
10523,5075,,
5736,5442,,
5738,5075,,
5743,5075,,
10525,5075,,
5740,5075,,
5741,5075,,
16441,5614,,
4918,5075,,
2056,5075,,
5748,5075,,
5744,5075,,
16442,5614,,
10527,5075,,
5750,5075,,
16443,5614,,
5753,5075,,
16444,5614,,
5762,5075,,
5763,5075,,
5767,5075,,
16445,5614,,
5765,5075,,
16446,5614,,
16447,5614,,
5775,5075,,
2251,5075,,
5805,5075,,
16448,5614,,
5779,5075,,
4516,5289,,
12337,5289,,
2254,5075,,
5778,5075,,
5780,5075,,
12338,5075,,
10536,5075,,
5781,5075,,
5783,5075,,
5788,5075,,
16449,5614,,
5787,5075,,
5792,5075,,
5789,5075,,
5791,5075,,
16450,5614,,
5862,5075,,
5794,5075,,
5808,5557,,
5806,5075,,
5809,5075,,
5813,5075,,
10545,5075,,
10546,5075,,
5810,5075,,
5812,5075,,
2291,5075,,
5815,5075,,
5821,5075,,
10547,5075,,
5818,5075,,
10548,5075,,
5825,5075,,
10549,5075,,
10550,5075,,
5822,5075,,
5824,5075,,
5826,5075,,
5827,5075,,
5828,5075,,
5835,5075,,
2343,5075,,
2086,5075,,
5845,5075,,
10555,5075,,
5842,5075,,
5844,5075,,
10556,5075,,
9474,5075,,
10557,5075,,
10558,5075,,
5846,5075,,
12349,5075,,
5612,5075,,
5851,5075,,
5852,5075,,
5853,5075,,
5856,5075,,
12350,5290,,
10561,5075,,
5854,5075,,
5855,5075,,
9476,5291,,
5615,5075,,
5861,5075,,
5881,5075,,
12351,5291,,
5865,5580,,
5866,5075,,
5864,5075,,
9477,5292,,
5867,5075,,
5869,5075,,
5875,5075,,
12352,5292,,
5879,5075,,
1009,5293,,
5876,5075,,
5883,5075,,
12353,5293,,
5880,5075,,
5882,5075,,
4533,5292,,
12354,5292,,
5884,5075,,
2363,5075,,
1011,5294,,
4534,5294,,
12355,5294,,
12356,5295,,
12357,5296,,
10575,5075,,
1014,5075,,
5630,5075,,
12358,5075,,
10578,5075,,
10577,5075,,
12359,5256,,
10579,5075,,
10580,5075,,
10583,5075,,
12364,5298,,
1022,5299,,
12366,5299,,
10594,5075,,
12370,5075,,
10595,5075,,
9496,5075,,
2128,5075,,
12371,5075,,
5651,5075,,
12372,5300,,
10598,5075,,
10599,5075,,
9498,5075,,
12373,5075,,
5654,5075,,
4553,5301,,
12374,5301,,
12375,5302,,
10602,5075,,
10603,5075,,
6001,5571,,
12378,5304,,
9503,5304,,
4557,5304,,
12379,5075,,
6024,5408,,
1037,5306,,
10614,5075,,
12381,5306,,
10615,5075,,
10616,5075,,
10618,5075,,
10620,5075,,
10619,5075,,
5675,5075,,
6054,5574,,
10625,5075,,
12386,5075,,
2157,5075,,
10626,5075,,
10627,5075,,
6070,5577,,
6068,5576,,
12388,5075,,
6072,5579,,
12389,5310,,
10629,5075,,
1046,5311,,
12390,5311,,
10632,5075,,
2164,5075,,
10633,5075,,
10634,5075,,
12392,5312,,
6116,5580,,
5691,5075,,
4573,5314,,
12394,5314,,
9520,5075,,
12395,5075,,
10644,5075,,
5697,5075,,
12396,5315,,
10645,5075,,
4577,5317,,
10646,5075,,
12398,5317,,
10647,5075,,
10648,5075,,
6169,5585,,
9524,5318,,
10650,5075,,
12399,5318,,
10651,5075,,
10652,5075,,
10653,5075,,
2185,5075,,
4582,5075,,
12403,5075,,
1062,5075,,
6212,5417,,
4585,5075,,
12406,5075,,
4586,5075,,
12407,5075,,
10674,5075,,
10675,5075,,
10676,5075,,
10682,5442,,
5737,5075,,
10684,5075,,
2216,5075,,
10686,5075,,
10687,5075,,
10689,5075,,
10690,5075,,
10694,5075,,
6319,5595,,
5749,5075,,
6324,5267,,
12423,5075,,
10697,5075,,
10698,5075,,
12424,5075,,
12425,5325,,
5752,5075,,
1082,5326,,
4605,5326,,
12426,5326,,
9552,5327,,
12427,5327,,
12428,5328,,
9554,5329,,
10707,5075,,
12429,5329,,
9555,5075,,
5761,5075,,
12430,5075,,
2240,5075,,
5764,5075,,
10711,5075,,
10712,5075,,
2243,5075,,
12439,5256,,
10721,5075,,
10722,5075,,
5777,5075,,
10723,5075,,
10725,5075,,
12441,5177,,
2256,5075,,
10727,5075,,
10728,5075,,
5782,5075,,
10729,5075,,
10733,5075,,
10734,5075,,
10735,5075,,
10736,5075,,
5790,5075,,
10737,5075,,
10739,5075,,
2270,5075,,
5793,5075,,
10740,5075,,
12449,5075,,
12450,5075,,
12451,5338,,
9577,5075,,
12452,5075,,
1109,5075,,
4632,5075,,
12453,5075,,
12454,5339,,
10751,5075,,
12455,5340,,
10752,5075,,
4635,5075,,
12456,5075,,
10754,5557,,
9582,5341,,
10755,5075,,
10756,5075,,
4636,5341,,
12457,5341,,
4637,5342,,
10757,5075,,
10758,5075,,
12458,5342,,
10759,5075,,
5814,5075,,
2292,5075,,
12459,5075,,
10761,5075,,
10764,5075,,
10767,5075,,
2299,5075,,
5823,5075,,
10770,5075,,
10771,5075,,
10772,5075,,
10774,5075,,
10781,5075,,
10788,5075,,
10789,5075,,
12473,5348,,
6612,5449,,
6608,5448,,
4653,5348,,
10790,5075,,
10791,5075,,
6620,5457,,
12474,5348,,
6618,5456,,
12475,5349,,
5847,5075,,
1132,5350,,
10794,5075,,
6626,5443,,
6632,5439,,
12476,5350,,
5850,5075,,
12477,5351,,
10796,5075,,
2328,5075,,
6636,5418,,
12478,5352,,
10797,5075,,
10798,5075,,
9604,5075,,
10799,5075,,
12479,5075,,
2332,5075,,
10801,5075,,
10802,5075,,
9606,5075,,
12481,5075,,
10808,5075,,
10810,5075,,
10811,5580,,
12483,5354,,
10813,5075,,
12484,5328,,
10815,5075,,
1141,5075,,
12485,5075,,
10821,5075,,
4665,5355,,
10822,5075,,
12486,5355,,
2355,5075,,
4666,5356,,
12487,5356,,
10826,5075,,
1144,5357,,
10828,5075,,
10830,5075,,
12488,5357,,
3755,5102,,
7278,5102,,
2362,5075,,
5885,5075,,
6750,5607,,
6751,5607,,
10832,5075,,
6755,5607,,
6752,5607,,
6753,5607,,
6754,5607,,
6759,5607,,
6756,5607,,
9615,5075,,
6757,5607,,
6758,5607,,
6761,5607,,
6762,5607,,
12490,5075,,
6763,5607,,
6765,5607,,
6766,5607,,
12491,5358,,
1148,5075,,
9617,5075,,
3759,5614,,
12492,5075,,
7296,5614,,
3774,5614,,
15118,5614,,
7301,5614,,
3779,5614,,
7318,5614,,
7163,5614,,
7164,5614,,
7165,5614,,
6917,5610,,
6919,5612,,
6920,5613,,
7167,5614,,
7168,5614,,
7170,5614,,
6923,5616,,
6925,5614,,
6926,5614,,
6921,5614,,
6922,5615,,
6924,5617,,
6928,5614,,
6930,5614,,
6933,5614,,
6934,5614,,
6931,5614,,
6937,5614,,
6938,5614,,
3585,5614,,
7108,5614,,
6935,5614,,
6936,5614,,
6942,5352,,
6954,5614,,
6958,5614,,
6955,5614,,
3589,5614,,
7445,5614,,
12510,5359,,
7013,5614,,
7014,5614,,
7011,5614,,
7017,5614,,
7015,5614,,
7016,5614,,
7022,5614,,
7019,5614,,
7020,5614,,
7021,5614,,
7025,5614,,
7026,5614,,
7023,5101,,
12513,5075,,
7028,5614,,
7029,5614,,
7478,5614,,
7031,5614,,
4693,5075,,
12514,5075,,
12515,5362,,
12516,5363,,
7053,5614,,
7058,5614,,
7055,5614,,
12517,5364,,
7062,5614,,
7063,5614,,
7064,5614,,
4698,5366,,
12519,5366,,
9645,5367,,
12520,5367,,
12521,5368,,
7098,5614,,
15325,5614,,
7095,5614,,
4701,5075,,
12522,5075,,
7096,5614,,
7102,5614,,
7101,5614,,
7104,5614,,
7105,5614,,
7109,5614,,
7111,5614,,
7112,5614,,
7113,5614,,
7118,5614,,
7115,5614,,
2474,5570,,
7117,5614,,
7119,5614,,
7120,5614,,
7121,5614,,
7126,5614,,
7123,5614,,
7124,5614,,
7125,5614,,
7127,5614,,
7128,5614,,
7129,5614,,
7135,5103,,
7143,5614,,
7145,5614,,
7150,5614,,
7149,5614,,
4707,5372,,
7153,5614,,
7154,5614,,
7151,5614,,
12528,5372,,
7158,5614,,
7155,5614,,
7156,5614,,
7157,5614,,
7160,5614,,
7161,5614,,
12529,5373,,
7162,5614,,
7174,5614,,
4709,5075,,
7172,5614,,
7177,5614,,
12530,5075,,
7179,5618,,
12531,5374,,
7195,5291,,
9659,5375,,
2501,5408,,
4713,5375,,
4930,5075,,
12534,5375,,
7227,5610,,
7239,5614,,
7240,5614,,
7243,5368,,
3741,5614,,
4718,5075,,
12539,5075,,
7279,5614,,
10992,5573,,
7281,5614,,
7282,5614,,
7283,5614,,
7280,5614,,
7285,5614,,
7286,5614,,
7287,5614,,
7284,5614,,
7290,5614,,
7291,5614,,
7288,5614,,
7289,5614,,
7294,5614,,
7295,5614,,
7292,5614,,
12541,5377,,
7297,5614,,
7298,5614,,
12542,5378,,
7302,5614,,
7303,5614,,
7300,5614,,
12543,5196,,
11000,5574,,
7305,5614,,
7306,5614,,
7307,5614,,
7304,5516,,
7310,5614,,
7311,5614,,
7308,5614,,
12544,5379,,
7314,5144,,
7312,5614,,
7316,5614,,
12545,5380,,
7323,5614,,
7321,5610,,
7322,5614,,
7324,5614,,
12546,5075,,
7325,5348,,
7347,5614,,
11016,5577,,
7349,5614,,
7350,5614,,
12549,5382,,
11018,5579,,
7351,5614,,
7354,5614,,
7355,5614,,
7352,5614,,
7353,5614,,
7357,5614,,
7358,5614,,
7359,5614,,
7363,5614,,
7360,5619,,
7361,5620,,
7362,5614,,
7366,5614,,
7367,5614,,
7364,5614,,
7365,5614,,
7371,5614,,
7368,5614,,
7369,5614,,
7370,5614,,
7374,5614,,
7376,5614,,
7373,5614,,
7378,5614,,
7379,5614,,
7380,5614,,
7384,5614,,
7381,5614,,
7382,5614,,
7383,5614,,
7388,5614,,
7385,5614,,
7386,5614,,
7387,5614,,
7390,5614,,
7391,5614,,
7392,5614,,
7399,5614,,
7400,5614,,
7401,5614,,
7402,5614,,
7405,5614,,
7406,5614,,
7407,5614,,
7404,5614,,
7409,5614,,
7410,5614,,
7411,5614,,
7408,5614,,
7414,5614,,
7415,5614,,
7416,5614,,
7420,5614,,
7417,5614,,
7418,5614,,
7419,5614,,
7424,5614,,
7421,5614,,
7422,5614,,
7423,5614,,
7426,5614,,
7427,5614,,
7428,5614,,
7431,5614,,
7429,5614,,
7430,5614,,
7434,5614,,
7435,5614,,
7436,5614,,
7438,5614,,
7439,5614,,
9684,5385,,
7440,5614,,
7442,5614,,
7443,5614,,
12559,5385,,
7444,5614,,
7446,5614,,
7447,5614,,
12560,5075,,
7448,5614,,
7450,5614,,
7451,5614,,
7449,5614,,
12561,5386,,
7467,5614,,
7468,5614,,
7472,5614,,
7469,5614,,
7470,5614,,
7471,5614,,
7474,5614,,
7475,5614,,
7476,5614,,
7473,5162,,
7479,5614,,
7480,5614,,
7477,5614,,
7482,5614,,
7483,5614,,
7481,5614,,
7488,5614,,
7499,5622,,
7500,5614,,
12565,5388,,
7504,5614,,
7501,5614,,
7502,5614,,
7503,5614,,
7505,5614,,
7506,5614,,
7512,5614,,
7510,5614,,
7511,5568,,
7515,5614,,
7516,5614,,
7514,5232,,
7520,5614,,
7517,5614,,
7518,5614,,
7522,5614,,
7523,5614,,
7524,5614,,
7521,5614,,
7526,5614,,
7528,5614,,
7531,5614,,
7529,5614,,
7530,5614,,
9695,5075,,
12570,5075,,
7551,5614,,
7552,5614,,
7574,5614,,
7554,5614,,
7555,5614,,
9696,5075,,
7556,5614,,
7559,5614,,
7560,5233,,
7557,5614,,
4750,5075,,
7558,5614,,
7563,5614,,
7564,5614,,
7561,5614,,
12571,5075,,
7566,5614,,
7567,5614,,
7568,5614,,
7565,5614,,
4751,5075,,
7571,5614,,
7572,5614,,
7569,5614,,
12572,5075,,
7575,5614,,
7576,5614,,
7573,5614,,
7577,5614,,
7581,5614,,
7582,5614,,
7586,5614,,
7585,5614,,
7589,5614,,
7596,5614,,
7593,5614,,
12575,5342,,
7594,5614,,
7595,5614,,
7600,5614,,
12751,5075,,
7597,5614,,
7598,5614,,
7599,5614,,
7604,5614,,
7601,5614,,
7602,5614,,
7607,5614,,
7608,5614,,
7605,5614,,
7606,5614,,
7611,5614,,
7612,5614,,
7609,5614,,
7614,5614,,
7616,5614,,
7613,5614,,
7618,5614,,
7619,5614,,
7617,5614,,
7623,5614,,
7621,5614,,
7622,5614,,
7627,5614,,
7628,5614,,
7625,5614,,
7631,5614,,
7629,5614,,
11115,5585,,
7634,5614,,
7635,5614,,
7636,5614,,
7633,5614,,
1236,5075,,
4759,5075,,
7639,5614,,
7640,5614,,
12580,5075,,
7637,5624,,
7644,5614,,
7641,5614,,
7642,5614,,
7643,5614,,
7647,5614,,
7648,5614,,
7645,5614,,
7646,5614,,
12581,5075,,
7649,5614,,
7650,5614,,
7651,5614,,
7653,5614,,
7654,5614,,
4761,5389,,
7657,5614,,
12582,5389,,
7672,5614,,
7669,5614,,
7675,5614,,
7676,5614,,
7673,5614,,
7674,5614,,
7677,5614,,
7678,5614,,
9710,5390,,
4764,5390,,
12585,5390,,
7691,5614,,
7695,5614,,
7696,5614,,
7693,5614,,
7694,5614,,
7700,5614,,
7697,5614,,
7698,5614,,
7699,5614,,
7704,5614,,
7701,5614,,
7702,5614,,
7703,5614,,
7708,5614,,
7705,5614,,
7706,5614,,
7707,5614,,
7709,5614,,
7710,5614,,
7714,5614,,
7716,5620,,
7718,5614,,
7719,5614,,
7720,5276,,
7723,5614,,
7724,5614,,
7721,5614,,
7722,5614,,
7736,5614,,
7735,5614,,
7738,5614,,
7739,5614,,
7740,5614,,
7737,5614,,
12591,5391,,
7744,5614,,
7741,5614,,
7742,5614,,
7743,5614,,
7748,5614,,
7745,5614,,
7746,5614,,
7747,5614,,
12592,5392,,
7752,5614,,
7749,5614,,
7750,5614,,
12593,5075,,
7751,5614,,
7753,5614,,
7760,5614,,
9719,5075,,
7759,5614,,
7763,5614,,
7764,5614,,
7761,5614,,
7762,5614,,
12594,5075,,
11158,5417,,
7767,5614,,
7768,5614,,
7765,5614,,
7766,5614,,
7771,5614,,
7772,5614,,
7769,5614,,
9720,5075,,
7776,5614,,
7777,5614,,
7774,5614,,
7775,5614,,
12595,5075,,
7781,5614,,
7778,5614,,
7779,5614,,
7780,5614,,
7784,5614,,
7785,5614,,
7782,5614,,
7788,5614,,
7789,5614,,
7786,5614,,
12596,5075,,
7792,5614,,
7793,5614,,
7790,5614,,
7791,5614,,
7796,5614,,
7797,5614,,
7794,5614,,
7795,5614,,
7799,5614,,
7800,5614,,
7801,5614,,
7798,5614,,
7805,5614,,
7802,5614,,
7803,5614,,
7804,5614,,
7808,5614,,
7809,5614,,
7806,5614,,
7807,5614,,
7813,5614,,
7836,5614,,
7837,5614,,
7835,5614,,
7841,5614,,
7838,5614,,
7839,5614,,
4781,5393,,
7844,5614,,
7845,5614,,
7842,5614,,
12602,5393,,
7848,5614,,
7849,5614,,
7846,5614,,
7853,5614,,
7850,5614,,
7851,5614,,
7852,5614,,
12603,5075,,
7856,5614,,
7857,5614,,
7854,5614,,
7861,5614,,
7858,5614,,
7859,5614,,
7860,5614,,
4783,5394,,
7864,5614,,
7865,5614,,
7862,5614,,
7863,5614,,
7868,5614,,
7869,5614,,
7866,5614,,
12604,5394,,
7867,5614,,
7872,5614,,
7873,5614,,
7870,5614,,
7871,5614,,
7877,5614,,
7874,5614,,
7876,5614,,
7880,5614,,
7881,5614,,
7878,5614,,
7879,5614,,
7882,5614,,
7888,5614,,
7889,5614,,
7892,5614,,
7890,5256,,
7891,5614,,
7896,5614,,
7894,5614,,
7898,5614,,
7905,5614,,
7902,5614,,
7903,5274,,
7904,5614,,
7909,5614,,
7912,5614,,
7913,5614,,
7910,5614,,
7911,5614,,
7916,5614,,
7917,5614,,
7914,5614,,
7915,5614,,
7920,5225,,
7921,5614,,
7918,5614,,
7919,5614,,
1266,5395,,
7924,5614,,
7925,5614,,
7922,5614,,
12610,5395,,
7923,5614,,
7929,5614,,
7926,5614,,
7927,5614,,
7932,5614,,
7933,5614,,
7930,5614,,
12611,5396,,
7931,5614,,
7940,5614,,
4791,5397,,
12612,5397,,
7942,5614,,
7943,5614,,
7944,5614,,
7948,5246,,
7947,5246,,
1269,5075,,
7952,5614,,
7953,5614,,
12613,5075,,
7956,5614,,
7957,5614,,
7954,5614,,
7955,5614,,
9739,5075,,
7961,5614,,
7958,5614,,
7959,5614,,
7960,5614,,
12614,5075,,
7962,5614,,
7963,5614,,
12615,5398,,
7964,5614,,
7973,5614,,
7970,5614,,
7971,5614,,
7972,5614,,
7976,5614,,
7977,5614,,
7974,5614,,
7975,5614,,
7980,5614,,
7981,5614,,
7978,5614,,
7979,5614,,
7983,5614,,
7984,5241,,
7982,5614,,
7988,5614,,
7989,5614,,
7986,5614,,
7987,5614,,
7993,5614,,
7990,5614,,
7991,5614,,
7992,5614,,
7995,5614,,
7996,5614,,
7997,5614,,
7994,5614,,
8000,5614,,
8001,5614,,
7998,5614,,
7999,5614,,
8004,5614,,
8005,5614,,
8006,5614,,
8003,5614,,
8009,5614,,
8010,5614,,
8007,5614,,
8008,5614,,
8013,5614,,
8014,5614,,
8015,5614,,
8012,5614,,
8018,5614,,
8019,5614,,
8016,5614,,
8017,5614,,
8022,5614,,
8023,5614,,
8020,5614,,
8021,5614,,
8026,5614,,
8027,5614,,
8024,5614,,
8029,5614,,
8028,5614,,
8036,5614,,
8037,5614,,
8038,5614,,
8034,5614,,
8051,5614,,
8052,5614,,
8033,5614,,
8042,5614,,
8039,5614,,
8040,5614,,
8046,5614,,
8049,5614,,
8050,5614,,
8048,5614,,
8057,5614,,
8061,5614,,
8062,5614,,
8064,5614,,
8066,5614,,
8081,5614,,
8082,5614,,
8083,5614,,
8084,5614,,
12625,5075,,
8088,5614,,
8089,5614,,
8086,5614,,
8091,5614,,
8092,5614,,
8093,5614,,
8090,5614,,
11265,5595,,
8101,5614,,
2796,5595,,
8104,5614,,
8105,5614,,
8102,5614,,
12627,5075,,
8103,5614,,
8109,5614,,
1284,5399,,
9753,5399,,
11270,5267,,
4807,5399,,
12628,5399,,
9754,5075,,
8128,5614,,
8129,5614,,
8126,5614,,
8127,5614,,
12629,5075,,
8132,5614,,
8133,5614,,
8130,5614,,
8131,5614,,
8136,5614,,
8141,5614,,
8138,5614,,
8139,5614,,
12630,5400,,
8145,5614,,
8143,5614,,
8149,5614,,
8146,5614,,
8147,5396,,
8157,5614,,
8154,5614,,
8158,5614,,
8164,5614,,
8163,5614,,
8166,5614,,
8167,5614,,
8168,5614,,
8170,5614,,
8180,5614,,
8181,5614,,
8185,5614,,
8183,5614,,
8188,5614,,
8189,5614,,
8186,5614,,
8187,5614,,
8192,5614,,
8193,5614,,
8190,5614,,
8191,5614,,
8196,5614,,
8197,5614,,
8201,5614,,
8199,5614,,
8203,5614,,
8213,5614,,
8214,5614,,
8211,5614,,
8218,5614,,
8215,5614,,
8216,5614,,
8220,5614,,
8226,5614,,
8224,5614,,
8227,5614,,
8228,5614,,
8229,5614,,
8233,5614,,
8234,5614,,
8237,5614,,
8238,5614,,
8235,5614,,
8241,5614,,
8242,5614,,
8240,5614,,
8246,5614,,
8243,5614,,
8244,5614,,
1298,5401,,
9767,5401,,
8249,5614,,
8250,5614,,
8247,5614,,
8248,5614,,
12642,5401,,
8251,5614,,
8252,5614,,
4822,5402,,
12643,5402,,
8266,5614,,
12644,5075,,
8265,5614,,
8269,5614,,
8270,5614,,
8267,5614,,
8268,5614,,
8273,5614,,
8274,5614,,
8275,5614,,
8272,5614,,
8279,5614,,
8276,5614,,
8277,5614,,
8278,5614,,
8281,5614,,
1301,5403,,
8284,5614,,
8286,5614,,
9770,5403,,
12645,5403,,
1302,5075,,
8298,5614,,
8299,5614,,
8302,5614,,
9771,5075,,
8307,5614,,
12646,5075,,
12647,5404,,
4827,5075,,
8324,5614,,
8325,5614,,
12648,5075,,
8323,5614,,
8327,5614,,
8328,5614,,
1305,5405,,
9774,5405,,
12649,5405,,
4829,5406,,
12650,5406,,
8349,5614,,
9776,5407,,
8353,5614,,
8354,5614,,
4830,5407,,
8357,5614,,
8355,5614,,
8356,5614,,
12651,5407,,
8359,5614,,
8360,5614,,
12652,5075,,
8361,5614,,
8364,5614,,
8368,5614,,
8369,5614,,
8370,5614,,
8367,5614,,
1309,5408,,
4832,5408,,
12653,5408,,
8373,5614,,
8372,5614,,
8377,5614,,
8379,5614,,
1310,5075,,
8382,5614,,
8383,5614,,
8380,5614,,
9779,5075,,
8386,5614,,
8387,5614,,
8384,5614,,
12654,5075,,
8385,5614,,
8390,5614,,
8391,5614,,
8388,5614,,
8389,5614,,
8392,5614,,
12655,5409,,
8393,5614,,
8399,5614,,
8400,5614,,
8397,5614,,
12656,5075,,
8401,5614,,
8402,5614,,
8407,5614,,
8406,5614,,
1313,5410,,
12657,5410,,
8416,5614,,
8414,5614,,
8415,5614,,
8419,5614,,
8420,5614,,
8417,5614,,
9783,5075,,
12658,5075,,
8426,5614,,
8423,5614,,
8424,5614,,
8425,5614,,
8430,5614,,
8427,5614,,
8428,5614,,
8429,5614,,
12659,5411,,
8433,5614,,
8434,5614,,
8431,5614,,
8432,5614,,
4839,5076,,
8438,5614,,
8439,5614,,
8436,5614,,
12660,5076,,
8437,5614,,
8443,5614,,
8440,5614,,
8441,5614,,
8442,5614,,
8446,5614,,
8451,5274,,
8448,5614,,
8449,5614,,
9787,5075,,
8453,5614,,
4841,5075,,
8459,5614,,
8457,5614,,
12662,5075,,
8462,5614,,
8461,5614,,
8465,5614,,
8464,5614,,
8469,5614,,
9788,5075,,
8475,5614,,
8472,5614,,
12663,5075,,
12664,5413,,
8477,5614,,
8480,5614,,
8482,5614,,
8486,5614,,
8484,5614,,
8485,5614,,
4844,5414,,
8488,5614,,
8489,5614,,
12665,5414,,
8494,5614,,
8495,5614,,
8493,5614,,
4845,5415,,
8499,5614,,
8500,5614,,
8497,5614,,
12666,5415,,
8507,5614,,
8508,5614,,
8509,5614,,
9792,5416,,
8510,5614,,
8515,5614,,
8512,5595,,
8513,5614,,
4846,5416,,
8518,5232,,
8519,5614,,
8516,5614,,
8517,5614,,
12667,5416,,
8522,5614,,
8523,5614,,
12668,5417,,
8524,5614,,
8525,5614,,
8526,5614,,
8530,5614,,
8531,5218,,
8528,5213,,
12669,5075,,
8529,5214,,
8535,5614,,
8536,5220,,
8533,5614,,
8534,5614,,
1326,5418,,
9795,5418,,
8539,5614,,
8540,5240,,
8538,5614,,
12670,5418,,
8543,5614,,
8544,5258,,
8541,5614,,
8542,5614,,
9796,5419,,
8547,5614,,
8548,5614,,
8545,5614,,
8546,5614,,
12671,5419,,
8551,5614,,
8552,5614,,
8549,5270,,
8550,5614,,
1328,5420,,
8556,5614,,
8557,5614,,
8554,5614,,
4851,5420,,
8555,5437,,
8560,5492,,
12672,5420,,
8564,5614,,
8565,5614,,
8562,5614,,
8563,5614,,
8567,5614,,
8568,5614,,
8569,5614,,
8566,5614,,
9798,5421,,
4852,5421,,
8572,5614,,
8573,5614,,
8574,5614,,
8571,5614,,
8576,5614,,
8577,5614,,
8578,5614,,
8575,5614,,
12673,5421,,
8581,5614,,
8582,5614,,
8579,5614,,
8585,5614,,
8583,5614,,
8584,5614,,
9799,5422,,
8589,5614,,
8590,5614,,
8588,5614,,
12674,5422,,
8591,5614,,
8596,5614,,
8597,5614,,
8604,5614,,
8605,5614,,
8606,5614,,
8601,5614,,
8602,5614,,
8603,5614,,
8599,5614,,
8600,5614,,
8610,5614,,
8611,5614,,
8608,5614,,
12675,5075,,
8613,5614,,
8618,5614,,
8619,5614,,
8620,5614,,
8621,5614,,
8616,5614,,
8623,5614,,
8624,5614,,
8625,5614,,
8622,5614,,
8628,5614,,
8629,5614,,
8626,5614,,
8627,5614,,
12677,5424,,
9803,5075,,
12678,5075,,
9804,5425,,
12679,5425,,
4859,5426,,
12680,5426,,
12681,5075,,
9811,5075,,
12686,5075,,
12688,5075,,
9815,5428,,
12690,5428,,
4876,5431,,
12697,5431,,
4877,5432,,
12698,5432,,
11554,5448,,
12699,5433,,
1356,5434,,
11558,5449,,
9825,5434,,
12700,5434,,
12701,5075,,
3095,5456,,
11566,5457,,
11572,5443,,
11578,5439,,
11582,5418,,
1361,5436,,
9830,5436,,
12705,5436,,
4885,5075,,
12706,5075,,
12707,5075,,
12714,5437,,
1371,5438,,
4894,5438,,
12715,5438,,
12716,5075,,
9841,5075,,
12717,5439,,
12718,5440,,
12719,5075,,
12727,5075,,
9853,5442,,
12728,5442,,
12729,5443,,
9859,5075,,
12734,5075,,
1391,5075,,
12735,5075,,
12737,5075,,
9863,5445,,
12738,5445,,
12739,5075,,
12745,5447,,
12748,5448,,
4928,5075,,
12749,5075,,
9875,5075,,
12750,5075,,
12752,5075,,
12762,5449,,
9889,5075,,
12764,5075,,
9892,5075,,
12767,5075,,
12769,5453,,
12770,5454,,
12777,5455,,
12778,5456,,
12779,5457,,
9904,5457,,
12780,5075,,
9907,5075,,
12782,5075,,
12783,5075,,
9909,5459,,
12784,5459,,
9910,5460,,
12785,5460,,
12786,5461,,
12795,5075,,
9922,5075,,
4976,5075,,
12797,5075,,
12799,5462,,
12801,5463,,
9926,5463,,
4982,5075,,
12803,5075,,
12804,5075,,
9929,5075,,
4984,5075,,
12805,5075,,
9931,5075,,
12806,5075,,
12807,5465,,
9941,5466,,
12816,5466,,
12818,5467,,
12822,5469,,
5002,5075,,
12823,5075,,
9949,5075,,
12824,5075,,
12825,5470,,
12826,5471,,
12832,5075,,
9959,5473,,
12834,5473,,
1491,5474,,
12835,5474,,
1499,5075,,
12843,5075,,
12844,5476,,
9969,5476,,
1501,5477,,
12845,5477,,
12848,5477,,
12850,5478,,
9975,5478,,
12858,5075,,
12864,5479,,
12865,5480,,
9991,5481,,
5045,5481,,
12866,5481,,
5046,5482,,
12867,5482,,
12868,5483,,
12870,5075,,
9995,5075,,
5049,5075,,
12871,5075,,
10002,5479,,
12877,5479,,
12878,5480,,
10003,5480,,
12879,5482,,
1536,5483,,
10005,5483,,
5059,5483,,
12880,5483,,
12881,5075,,
10007,5476,,
5061,5476,,
12882,5476,,
12883,5484,,
12884,5075,,
10009,5075,,
12885,5485,,
10011,5486,,
5065,5486,,
12886,5486,,
12897,5476,,
12903,5487,,
5083,5488,,
12904,5488,,
1561,5489,,
10030,5489,,
12905,5489,,
10031,5075,,
12906,5075,,
1563,5490,,
12907,5490,,
12909,5075,,
10036,5491,,
12911,5491,,
12912,5492,,
1569,5493,,
12913,5493,,
10038,5493,,
12914,5075,,
5097,5494,,
12918,5494,,
1575,5075,,
10044,5075,,
12919,5075,,
12920,5495,,
1581,5496,,
10050,5496,,
12925,5496,,
10052,5497,,
12927,5497,,
12928,5075,,
10054,5075,,
12929,5075,,
12930,5075,,
12931,5075,,
10057,5075,,
12932,5075,,
5120,5075,,
12941,5075,,
12942,5075,,
12943,5498,,
10069,5075,,
12944,5075,,
10070,5499,,
5124,5499,,
12945,5499,,
12946,5075,,
10072,5075,,
5126,5075,,
12947,5075,,
12948,5075,,
12960,5500,,
10086,5501,,
12961,5501,,
5141,5502,,
12962,5502,,
12970,5075,,
10096,5503,,
12971,5503,,
10097,5075,,
5151,5075,,
12972,5075,,
10098,5075,,
12973,5075,,
10099,5504,,
12974,5504,,
5154,5075,,
12975,5075,,
12976,5075,,
12980,5075,,
1638,5506,,
10107,5506,,
12982,5506,,
12983,5507,,
12984,5508,,
10110,5478,,
12985,5478,,
12986,5075,,
12988,5075,,
10115,5075,,
12990,5075,,
1654,5075,,
10123,5075,,
5177,5075,,
12998,5075,,
12999,5075,,
13000,5075,,
5180,5509,,
13001,5509,,
1658,5510,,
13002,5510,,
13003,5075,,
13005,5075,,
10132,5075,,
13007,5075,,
1682,5075,,
10151,5075,,
13026,5075,,
13027,5075,,
13028,5075,,
13031,5511,,
5212,5075,,
13033,5075,,
5214,5512,,
13035,5512,,
10163,5075,,
13038,5075,,
13039,5075,,
13040,5075,,
1697,5513,,
10166,5513,,
13041,5513,,
13042,5075,,
13047,5514,,
13048,5075,,
1705,5515,,
13049,5515,,
13052,5075,,
13053,5075,,
13054,5075,,
13055,5516,,
13056,5075,,
5237,5075,,
13058,5075,,
5242,5517,,
13063,5517,,
13065,5518,,
1733,5075,,
13077,5075,,
13078,5075,,
13079,5075,,
13080,5519,,
13081,5075,,
1738,5520,,
13082,5520,,
13092,5075,,
13093,5075,,
13096,5075,,
5277,5521,,
13098,5521,,
13101,5522,,
1758,5075,,
13102,5075,,
1762,5075,,
13106,5075,,
13107,5075,,
13128,5075,,
1785,5528,,
13129,5528,,
13122,5527,,
13123,5075,,
13124,5075,,
13125,5075,,
13126,5075,,
5306,5075,,
13127,5075,,
10254,5528,,
13130,5075,,
1787,5075,,
13131,5075,,
13132,5529,,
13133,5075,,
13134,5075,,
5314,5075,,
13135,5075,,
13136,5075,,
1793,5075,,
5316,5075,,
13137,5075,,
13138,5075,,
10263,5075,,
13146,5075,,
13147,5075,,
13148,5075,,
13150,5530,,
1807,5075,,
13151,5075,,
13152,5075,,
13153,5531,,
5338,5075,,
13159,5075,,
13160,5532,,
13161,5533,,
13162,5534,,
13166,5075,,
1823,5075,,
5346,5075,,
13167,5075,,
13171,5535,,
5351,5075,,
13172,5075,,
13173,5536,,
13174,5075,,
5354,5075,,
13175,5075,,
13176,5537,,
13177,5075,,
13178,5075,,
13179,5538,,
13180,5075,,
13184,5075,,
13187,5075,,
13188,5075,,
13189,5539,,
5369,5075,,
13190,5075,,
13191,5540,,
5371,5075,,
13192,5075,,
13193,5075,,
10318,5075,,
13194,5541,,
13195,5075,,
5375,5542,,
13196,5542,,
5394,5075,,
13215,5075,,
13216,5544,,
13217,5545,,
5397,5075,,
13218,5075,,
10344,5075,,
13219,5075,,
13220,5075,,
13221,5075,,
13222,5075,,
10348,5075,,
13223,5075,,
13224,5075,,
13225,5075,,
5405,5075,,
13226,5075,,
13228,5075,,
13229,5075,,
13230,5075,,
5410,5075,,
13231,5075,,
13232,5075,,
13233,5075,,
5413,5075,,
13234,5075,,
13251,5075,,
13252,5075,,
10378,5075,,
13253,5075,,
13254,5075,,
10380,5075,,
13255,5075,,
13256,5075,,
13257,5075,,
13259,5075,,
5438,5075,,
13260,5075,,
10391,5075,,
13266,5075,,
13267,5075,,
5447,5075,,
13268,5075,,
13269,5075,,
13270,5075,,
13285,5075,,
10406,5075,,
5460,5075,,
13281,5075,,
13283,5075,,
10410,5075,,
5465,5075,,
13286,5075,,
10419,5075,,
13294,5075,,
13295,5075,,
13297,5075,,
5477,5075,,
13298,5075,,
13299,5075,,
1956,5075,,
13300,5075,,
10425,5075,,
5480,5075,,
13301,5075,,
10439,5075,,
5493,5075,,
13314,5075,,
13315,5075,,
5495,5075,,
13316,5075,,
13317,5075,,
13318,5075,,
13319,5075,,
13326,5075,,
13327,5075,,
13328,5075,,
13329,5075,,
13330,5075,,
5510,5075,,
13331,5075,,
10457,5075,,
13332,5075,,
13338,5075,,
13341,5547,,
5521,5075,,
13342,5075,,
13343,5075,,
10469,5075,,
13344,5075,,
13345,5075,,
10471,5075,,
13346,5075,,
13366,5075,,
5546,5075,,
13367,5075,,
13368,5075,,
13372,5075,,
10497,5075,,
10498,5075,,
13373,5075,,
13374,5075,,
13375,5075,,
13376,5075,,
2033,5075,,
10502,5075,,
13377,5075,,
13378,5075,,
2042,5075,,
13386,5075,,
5566,5075,,
10512,5075,,
13387,5075,,
13388,5075,,
2045,5075,,
13389,5075,,
2046,5571,,
13390,5571,,
13395,5075,,
10521,5075,,
13396,5075,,
13397,5075,,
13398,5075,,
5578,5106,,
10524,5106,,
13399,5106,,
13400,5075,,
13401,5075,,
10526,5075,,
13402,5075,,
2067,5075,,
13411,5075,,
13420,5075,,
13421,5075,,
13422,5075,,
13423,5075,,
13424,5075,,
13425,5075,,
5609,5075,,
13430,5075,,
5610,5075,,
13431,5075,,
2088,5075,,
13432,5075,,
13433,5075,,
13434,5075,,
10559,5075,,
10560,5386,,
13435,5386,,
13436,5075,,
13437,5075,,
10562,5075,,
13450,5075,,
13451,5075,,
10576,5075,,
5631,5075,,
13452,5075,,
13453,5075,,
13454,5075,,
13455,5075,,
13456,5075,,
2112,5075,,
10581,5075,,
10582,5075,,
13457,5075,,
13458,5075,,
13469,5075,,
13470,5075,,
10596,5075,,
13471,5075,,
10597,5075,,
13472,5075,,
2129,5075,,
13473,5075,,
13474,5075,,
10600,5075,,
13475,5075,,
13476,5075,,
10601,5075,,
2133,5075,,
13477,5075,,
13478,5075,,
13489,5075,,
13490,5075,,
13491,5075,,
10617,5075,,
13492,5075,,
13493,5075,,
13494,5075,,
13495,5075,,
13496,5075,,
10621,5075,,
13500,5075,,
5680,5075,,
13501,5075,,
2158,5075,,
13502,5075,,
13504,5075,,
13507,5075,,
13508,5075,,
5688,5075,,
13509,5075,,
2167,5075,,
13511,5075,,
10636,5075,,
10637,5075,,
13512,5075,,
10643,5075,,
13518,5075,,
13519,5075,,
13520,5075,,
2177,5075,,
13521,5075,,
13522,5075,,
5702,5075,,
13523,5075,,
13524,5075,,
13525,5075,,
13526,5075,,
2183,5075,,
5706,5075,,
13527,5075,,
13528,5075,,
5708,5075,,
10654,5075,,
13529,5075,,
13549,5075,,
13550,5075,,
13551,5075,,
2208,5075,,
13552,5075,,
10677,5075,,
10681,5075,,
13556,5075,,
13557,5442,,
13558,5075,,
10683,5075,,
13559,5075,,
10685,5075,,
13560,5075,,
13561,5075,,
13562,5075,,
13564,5075,,
13565,5075,,
13569,5075,,
13570,5075,,
10695,5075,,
2227,5075,,
10696,5075,,
13571,5075,,
5751,5075,,
13572,5075,,
2229,5075,,
13573,5075,,
10699,5075,,
13574,5075,,
13582,5075,,
10708,5075,,
13583,5075,,
13584,5075,,
10709,5075,,
2241,5075,,
10710,5075,,
13585,5075,,
13586,5075,,
5766,5075,,
13587,5075,,
10713,5075,,
13588,5075,,
5774,5075,,
10720,5075,,
13595,5075,,
13596,5075,,
5776,5075,,
13597,5075,,
13598,5075,,
10724,5075,,
13599,5075,,
13600,5075,,
10726,5075,,
13601,5075,,
13602,5075,,
13603,5075,,
13604,5075,,
5786,5075,,
10732,5075,,
13607,5075,,
13608,5075,,
13609,5075,,
13610,5075,,
13611,5075,,
13612,5075,,
13613,5075,,
10738,5075,,
13614,5075,,
2271,5075,,
13615,5075,,
13626,5075,,
13627,5075,,
13629,5557,,
13630,5075,,
13631,5075,,
2288,5075,,
5811,5075,,
13632,5075,,
13633,5075,,
13634,5075,,
13635,5075,,
10760,5075,,
13636,5075,,
2295,5075,,
13639,5075,,
5819,5075,,
10765,5075,,
13640,5075,,
13642,5075,,
10768,5075,,
13643,5075,,
10769,5075,,
13644,5075,,
13645,5075,,
13646,5075,,
2303,5075,,
13647,5075,,
10773,5075,,
13648,5075,,
13649,5075,,
13656,5075,,
5836,5075,,
10782,5075,,
13657,5075,,
13663,5075,,
2320,5075,,
5843,5075,,
13664,5075,,
13665,5075,,
13666,5075,,
13667,5075,,
10792,5075,,
10793,5075,,
13668,5075,,
5848,5075,,
13669,5075,,
13671,5075,,
13672,5075,,
13673,5075,,
13674,5075,,
10800,5075,,
13675,5075,,
13676,5075,,
13677,5075,,
10807,5075,,
13682,5075,,
13683,5075,,
13685,5075,,
13686,5580,,
13687,5075,,
10812,5075,,
13688,5075,,
5868,5075,,
10814,5075,,
13689,5075,,
13690,5075,,
2352,5075,,
13696,5075,,
13697,5075,,
5877,5075,,
10823,5075,,
13698,5075,,
5878,5075,,
10824,5075,,
13699,5075,,
2356,5075,,
10825,5075,,
13700,5075,,
13701,5075,,
13702,5075,,
10827,5075,,
2359,5075,,
13703,5075,,
10829,5075,,
13704,5075,,
13705,5075,,
10831,5075,,
13706,5075,,
5886,5075,,
13707,5075,,
5972,5568,,
10918,5568,,
13793,5568,,
5997,5570,,
10943,5570,,
13818,5570,,
2478,5571,,
10947,5571,,
13822,5571,,
10970,5408,,
13845,5408,,
6046,5573,,
13867,5573,,
13875,5574,,
13889,5576,,
11014,5576,,
13891,5577,,
13893,5579,,
2593,5580,,
11062,5580,,
13937,5580,,
13990,5585,,
14033,5417,,
14140,5595,,
14145,5267,,
14429,5448,,
14433,5449,,
14439,5456,,
11564,5456,,
3097,5457,,
14441,5457,,
14447,5443,,
14453,5439,,
6634,5437,,
11580,5437,,
14455,5437,,
14457,5418,,
6639,5419,,
14460,5419,,
11585,5419,,
14571,5607,,
14572,5607,,
14573,5607,,
14574,5607,,
14575,5607,,
14576,5607,,
3233,5607,,
14577,5607,,
14578,5607,,
14579,5607,,
14580,5607,,
6760,5607,,
14581,5607,,
14582,5607,,
14583,5607,,
14584,5607,,
14585,5607,,
14586,5607,,
14587,5607,,
14738,5610,,
6918,5611,,
14739,5611,,
14740,5612,,
14741,5613,,
3398,5614,,
14742,5614,,
14743,5615,,
14744,5616,,
14745,5617,,
14746,5614,,
14747,5614,,
3405,5614,,
14749,5614,,
14751,5614,,
14752,5614,,
3409,5614,,
6932,5614,,
14753,5614,,
14754,5614,,
14755,5614,,
14756,5614,,
3413,5614,,
14757,5614,,
14758,5614,,
14759,5614,,
14763,5352,,
14775,5614,,
14776,5614,,
14779,5614,,
14832,5614,,
14834,5614,,
14835,5614,,
14836,5614,,
14837,5614,,
14838,5614,,
14840,5614,,
14841,5614,,
14842,5614,,
14843,5614,,
14844,5101,,
7024,5614,,
14845,5614,,
14846,5614,,
14847,5614,,
7027,5614,,
14848,5614,,
14849,5614,,
14850,5614,,
7030,5614,,
14851,5614,,
3508,5614,,
14852,5614,,
14874,5614,,
3532,5614,,
14876,5614,,
7056,5614,,
14877,5614,,
14879,5614,,
3537,5614,,
7060,5614,,
14881,5614,,
14883,5614,,
14884,5614,,
14885,5614,,
14916,5614,,
14917,5614,,
14919,5614,,
14922,5614,,
14923,5614,,
14925,5614,,
14926,5614,,
14929,5614,,
14930,5614,,
14932,5614,,
14933,5614,,
14934,5614,,
14936,5614,,
14938,5614,,
14939,5614,,
3596,5614,,
14940,5614,,
14941,5614,,
14942,5614,,
14944,5614,,
14945,5614,,
14946,5614,,
14947,5614,,
14948,5614,,
3605,5614,,
14949,5614,,
14950,5614,,
3612,5103,,
14956,5103,,
14964,5614,,
14966,5614,,
14970,5614,,
14971,5614,,
3628,5614,,
14972,5614,,
7152,5614,,
14973,5614,,
14974,5614,,
14975,5614,,
3632,5614,,
14976,5614,,
14977,5614,,
14978,5614,,
14979,5614,,
7159,5614,,
14980,5614,,
14981,5614,,
14982,5614,,
3639,5614,,
14983,5614,,
14984,5614,,
14985,5614,,
14986,5614,,
14988,5614,,
14989,5614,,
14991,5614,,
3649,5614,,
14993,5614,,
14995,5614,,
7175,5614,,
14996,5614,,
14998,5614,,
15000,5618,,
15016,5291,,
3704,5610,,
15048,5610,,
15060,5614,,
15061,5614,,
15064,5368,,
7264,5614,,
15085,5614,,
15099,5102,,
15100,5614,,
15101,5614,,
15102,5614,,
15103,5614,,
15104,5614,,
15105,5614,,
15106,5614,,
3763,5614,,
15107,5614,,
15108,5614,,
15109,5614,,
15110,5614,,
15111,5614,,
15112,5614,,
15113,5614,,
7293,5614,,
15114,5614,,
3771,5614,,
15115,5614,,
15116,5614,,
15117,5614,,
15119,5614,,
7299,5614,,
15120,5614,,
3777,5614,,
15121,5614,,
15122,5614,,
15123,5614,,
15124,5614,,
15125,5516,,
15126,5614,,
3783,5614,,
15127,5614,,
15128,5614,,
15129,5614,,
7309,5614,,
15130,5614,,
15131,5614,,
15132,5614,,
15133,5614,,
15135,5144,,
15137,5614,,
15139,5614,,
15142,5610,,
15143,5614,,
15144,5614,,
15145,5614,,
15146,5348,,
15168,5614,,
7348,5614,,
15169,5614,,
15170,5614,,
15171,5614,,
15172,5614,,
15173,5614,,
15174,5614,,
15175,5614,,
15176,5614,,
7356,5614,,
15177,5614,,
15178,5614,,
15179,5614,,
15180,5614,,
15181,5619,,
15182,5620,,
15183,5614,,
15184,5614,,
15185,5614,,
15186,5614,,
15187,5614,,
15188,5614,,
15189,5614,,
15190,5614,,
15191,5614,,
15192,5614,,
15193,5614,,
15194,5614,,
15195,5614,,
15197,5614,,
7377,5614,,
15198,5614,,
15199,5614,,
15200,5614,,
15201,5614,,
15202,5614,,
15203,5614,,
15204,5614,,
15205,5614,,
15206,5614,,
15207,5614,,
15208,5614,,
15209,5614,,
7389,5614,,
15210,5614,,
15211,5614,,
15212,5614,,
15213,5614,,
15220,5614,,
15221,5614,,
15222,5614,,
15223,5614,,
15225,5614,,
15226,5614,,
15227,5614,,
15228,5614,,
15229,5614,,
15230,5614,,
15231,5614,,
15232,5614,,
15233,5614,,
7413,5614,,
15234,5614,,
15235,5614,,
15236,5614,,
15237,5614,,
15238,5614,,
15239,5614,,
15240,5614,,
15241,5614,,
15242,5614,,
15243,5614,,
15244,5614,,
15245,5614,,
7425,5614,,
15246,5614,,
15247,5614,,
15248,5614,,
15249,5614,,
15250,5614,,
15251,5614,,
15252,5614,,
7432,5614,,
15253,5614,,
7433,5614,,
15254,5614,,
15255,5614,,
15256,5614,,
15257,5614,,
7437,5614,,
15258,5614,,
15259,5614,,
15260,5614,,
15261,5614,,
7441,5614,,
15262,5614,,
15263,5614,,
15264,5614,,
15265,5614,,
15266,5614,,
15267,5614,,
15268,5614,,
15269,5614,,
15270,5614,,
15271,5614,,
15272,5614,,
7452,5614,,
15273,5614,,
7458,5614,,
15279,5614,,
15288,5614,,
15289,5614,,
15290,5614,,
15291,5614,,
15292,5614,,
15293,5614,,
15294,5162,,
15295,5614,,
15296,5614,,
15297,5614,,
15298,5614,,
15299,5614,,
15300,5614,,
15301,5614,,
15302,5614,,
15303,5614,,
15304,5614,,
15309,5614,,
15320,5622,,
15321,5614,,
15322,5614,,
15323,5614,,
15324,5614,,
15326,5614,,
15327,5614,,
15331,5614,,
15332,5568,,
15333,5614,,
15335,5232,,
15336,5614,,
15337,5614,,
15338,5614,,
15339,5614,,
15341,5614,,
15342,5614,,
15343,5614,,
15344,5614,,
15345,5614,,
15347,5614,,
7527,5614,,
15348,5614,,
15349,5614,,
15350,5614,,
15351,5614,,
15352,5614,,
15372,5614,,
15373,5614,,
7553,5614,,
15374,5614,,
15375,5614,,
15376,5614,,
15377,5614,,
15378,5614,,
15379,5614,,
15380,5614,,
15381,5233,,
15382,5614,,
7562,5614,,
15383,5614,,
15384,5614,,
15385,5614,,
15386,5614,,
15387,5614,,
15388,5614,,
15389,5614,,
15390,5614,,
7570,5614,,
15391,5614,,
15392,5614,,
15393,5614,,
15394,5614,,
15395,5614,,
15396,5614,,
15397,5614,,
15398,5614,,
7578,5614,,
15399,5614,,
7579,5614,,
15400,5614,,
7580,5614,,
15401,5614,,
15402,5614,,
15403,5614,,
7584,5614,,
15405,5614,,
15406,5614,,
15407,5614,,
7587,5614,,
15408,5614,,
7588,5614,,
15409,5614,,
15410,5614,,
7590,5614,,
15411,5614,,
7591,5614,,
15412,5614,,
7592,5614,,
15413,5614,,
15414,5614,,
15415,5614,,
15416,5614,,
15417,5614,,
15418,5614,,
15419,5614,,
15420,5614,,
